지점,지점명,일시,기온(°C),기온 QC플래그,강수량(mm),강수량 QC플래그,풍속(m/s),풍속 QC플래그,풍향(16방위),풍향 QC플래그,습도(%),습도 QC플래그,증기압(hPa),이슬점온도(°C),현지기압(hPa),현지기압 QC플래그,해면기압(hPa),해면기압 QC플래그,일조(hr),일조 QC플래그,일사(MJ/m2),적설(cm),3시간신적설(cm),전운량(10분위),중하층운량(10분위),운형(운형약어),최저운고(100m ),시정(10m),지면상태(지면상태코드),현상번호(국내식),지면온도(°C),지면온도 QC플래그,5cm 지중온도(°C),10cm 지중온도(°C),20cm 지중온도(°C),30cm 지중온도(°C)
184,제주,2020-11-14 1:00,12.2,,,,2.8,,160,,69,,9.7,6.6,1025.2,,1027.7,,,9,,,,0,0,,,1812,,,9.1,,14.5,14.9,15.3,16.1
184,제주,2020-11-14 2:00,12.2,,,,2.8,,140,,59,,8.4,4.4,1025.5,,1028,,,9,,,,0,0,,,2000,,,8.7,,14.4,14.7,15.2,16.1
184,제주,2020-11-14 3:00,12.2,,,,2.8,,140,,67,,9.5,6.2,1025.2,,1027.7,,,9,,,,0,0,,,1396,,,8.9,,14.3,14.6,15.2,16.1
184,제주,2020-11-14 4:00,12.3,,,,2.5,,140,,64,,9.1,5.6,1025,,1027.5,,,9,,,,0,0,,,1422,,,8.7,,14.2,14.4,15.1,16.1
184,제주,2020-11-14 5:00,12.6,,,,2.2,,160,,68,,9.9,6.8,1025,,1027.5,,,9,,,,0,0,,,1316,,,8.7,,14.1,14.3,15,16.1
184,제주,2020-11-14 6:00,13.8,,,,1.5,,160,,79,,12.4,10.2,1025,,1027.5,,,9,,,,6,6,Sc,10,901,,19,9.6,,14,14.3,14.9,16
184,제주,2020-11-14 7:00,14.6,,,,1.2,,160,,83,,13.7,11.7,1025.7,,1028.2,,,9,,,,8,8,Sc,10,697,,19,11.8,,14,14.2,14.9,16
184,제주,2020-11-14 8:00,15.6,,,,0.7,,180,,83,,14.7,12.7,1026.3,,1028.8,,0,,0.1,,,7,7,Sc,8,674,,19,14.3,,14,14.2,14.8,16
184,제주,2020-11-14 9:00,16.3,,,,0.5,,200,,80,,14.8,12.8,1027,,1029.5,,0,,0.3,,,9,9,Sc,8,755,,19,15.6,,14.1,14.3,14.8,15.9
184,제주,2020-11-14 10:00,17.1,,,,2.1,,70,,77,,15,13,1027,,1029.5,,0,,0.5,,,9,9,Sc,8,1128,,19,17.6,,14.3,14.6,14.8,16
184,제주,2020-11-14 11:00,17.8,,,,4.5,,50,,74,,15,13,1026.6,,1029.1,,0.3,,0.94,,,4,4,Sc,10,1432,,,21.1,,14.5,14.7,14.9,15.9
184,제주,2020-11-14 12:00,18.4,,,,4.4,,50,,71,,15,13,1026.1,,1028.6,,1,,1.95,,,3,3,Sc,10,1578,,,28.7,,14.8,14.9,14.9,15.8
184,제주,2020-11-14 13:00,18.5,,,,4.4,,50,,70,,14.9,12.9,1025.3,,1027.8,,0.8,,1.66,,,2,2,Sc,10,1654,,,28.9,,15,15.2,15,15.9
184,제주,2020-11-14 14:00,18.7,,,,4.8,,50,,64,,13.7,11.7,1025,,1027.5,,1,,1.87,,,2,2,Sc,10,1907,,,30.3,,15.2,15.5,15.2,15.9
184,제주,2020-11-14 15:00,18.8,,,,4.8,,50,,52,,11.2,8.7,1025,,1027.5,,1,,1.61,,,0,0,,,2000,,,21.3,,15.4,15.7,15.2,15.9
184,제주,2020-11-14 16:00,18.9,,,,3.3,,70,,41,,8.9,5.3,1025,,1027.5,,1,,1.09,,,0,0,,,2000,,,17.7,,15.5,15.9,15.4,15.9
184,제주,2020-11-14 17:00,17.8,,,,2.4,,90,,40,,8.1,4,1025.2,,1027.7,,1,,0.45,,,0,0,,,2000,,,14.6,,15.6,16,15.6,15.9
184,제주,2020-11-14 18:00,16.4,,,,1.2,,140,,50,,9.3,5.9,1025.6,,1028.1,,0.2,,0.04,,,0,0,,,2000,,,12.4,,15.5,16,15.7,16
184,제주,2020-11-14 19:00,15.3,,,,1.8,,140,,62,,10.7,8,1025.7,,1028.2,,,9,,,,1,0,,,1963,,,11.9,,15.5,15.9,15.7,16
184,제주,2020-11-14 20:00,15,,,,1.8,,160,,73,,12.4,10.1,1025.8,,1028.3,,,9,,,,7,0,,,1444,,,11.5,,15.4,15.9,15.8,16.1
184,제주,2020-11-14 21:00,15.2,,,,1.8,,160,,74,,12.7,10.5,1025.7,,1028.2,,,9,,,,0,0,,,1508,,,11.2,,15.3,15.8,15.7,16
184,제주,2020-11-14 22:00,15.1,,,,1.4,,160,,73,,12.4,10.2,1025.4,,1027.9,,,9,,,,,1,,11,1614,,,10.8,,15.2,15.5,15.7,16
184,제주,2020-11-14 23:00,15.3,,,,1.5,,160,,76,,13.1,11,1025.2,,1027.7,,,9,,,,8,8,,9,1409,,,11.9,,15.1,15.5,15.7,16.1
184,제주,2020-11-15 0:00,15,,,,1.5,,140,,79,,13.4,11.3,1024.9,,1027.4,,,9,,,,2,2,Sc,12,1523,,,11,,15,15.4,15.6,16.1
184,제주,2020-11-15 1:00,15.6,,,,1.1,,160,,75,,13.2,11.1,1024.8,,1027.3,,,9,,,,8,7,,12,2000,,,11.2,,14.9,15.2,15.6,16.2
184,제주,2020-11-15 2:00,15.1,,,,1.2,,160,,74,,12.6,10.4,1024.8,,1027.3,,,9,,,,8,1,,13,2000,,,10.3,,14.8,15.1,15.6,16.3
184,제주,2020-11-15 3:00,14.8,,,,1.7,,160,,73,,12.2,9.9,1024.6,,1027.1,,,9,,,,2,2,Sc,12,2000,,,10.2,,14.7,15.1,15.5,16.2
184,제주,2020-11-15 4:00,14.1,,,,1.6,,160,,73,,11.7,9.3,1024.3,,1026.8,,,9,,,,0,0,,,2000,,,9.7,,14.6,15,15.4,16.2
184,제주,2020-11-15 5:00,13.7,,,,2,,160,,73,,11.4,8.9,1024.6,,1027.1,,,9,,,,0,0,,,2000,,,9.7,,14.6,14.9,15.2,16.2
184,제주,2020-11-15 6:00,13.6,,,,1.5,,160,,74,,11.5,9,1024.9,,1027.4,,,9,,,,0,0,,,2000,,,9.5,,14.5,14.8,15.2,16.2
184,제주,2020-11-15 7:00,13.4,,,,1.4,,160,,79,,12.1,9.8,1025.1,,1027.6,,,9,,,,1,1,Sc,12,2000,,,9.6,,14.4,14.7,15.2,16.2
184,제주,2020-11-15 8:00,14.1,,,,1.7,,110,,82,,13.1,11,1025.3,,1027.8,,0,,0.09,,,4,4,Sc,8,2000,,,10.9,,14.3,14.7,15.1,16.1
184,제주,2020-11-15 9:00,15.9,,,,1.3,,110,,81,,14.6,12.6,1026,,1028.5,,0.2,,0.37,,,4,4,Sc,8,1954,,,13.2,,14.3,14.6,15,16.1
184,제주,2020-11-15 10:00,17.8,,,,2.4,,70,,72,,14.6,12.6,1026.2,,1028.7,,0.9,,1.16,,,2,2,Sc,8,2000,,,18,,14.3,14.7,15,16.1
184,제주,2020-11-15 11:00,18.2,,,,3.7,,50,,66,,13.7,11.7,1025.9,,1028.4,,0.9,,1.89,,,8,2,ScAc,8,2000,,,24.9,,14.5,14.7,15,15.9
184,제주,2020-11-15 12:00,18.3,,,,4.6,,50,,64,,13.4,11.3,1025.1,,1027.6,,1,,2.15,,,2,2,Sc,12,2000,,,30.7,,14.8,14.9,15,15.9
184,제주,2020-11-15 13:00,19.2,,,,4.1,,50,,61,,13.5,11.4,1024.1,,1026.6,,1,,2.25,,,5,5,Sc,12,2000,,,35,,15.1,15.3,15.1,15.9
184,제주,2020-11-15 14:00,18.1,,,,4.2,,50,,63,,13,10.9,1023.5,,1026,,0.4,,1.21,,,8,8,Sc,12,2000,,,25.2,,15.3,15.6,15.2,16
184,제주,2020-11-15 15:00,18.2,,,,3.3,,50,,66,,13.7,11.7,1023.3,,1025.8,,0,,0.83,,,9,9,Sc,12,2000,,,23.3,,15.6,15.9,15.4,16
184,제주,2020-11-15 16:00,18.5,,,,2.7,,70,,67,,14.2,12.2,1023.2,,1025.7,,0,,0.46,,,10,9,ScAs,12,2000,,,20.7,,15.8,16.2,15.6,15.9
184,제주,2020-11-15 17:00,18,,,9,2.4,,70,,70,,14.4,12.4,1023.4,,1025.9,,0,,0.15,,,10,4,ScAs,8,2000,,1,18.6,,15.9,16.3,15.7,16
184,제주,2020-11-15 18:00,17.6,,0,,1.8,,90,,71,,14.2,12.2,1023.3,,1025.8,,0,,0.01,,,10,6,ScAs,10,2000,,,17.2,,16,16.4,15.9,16
184,제주,2020-11-15 19:00,17.6,,,9,2,,90,,72,,14.4,12.4,1023.4,,1025.9,,,9,,,,8,8,,17,1987,,,16.7,,16,16.4,15.9,16.1
184,제주,2020-11-15 20:00,17.4,,,9,2.2,,70,,73,,14.5,12.5,1023.5,,1026,,,9,,,,5,5,,17,2000,,,16.1,,16,16.6,16,16.1
184,제주,2020-11-15 21:00,17.2,,,9,1.5,,90,,75,,14.7,12.7,1023.3,,1025.8,,,9,,,,8,8,Sc,12,2000,,,15.7,,16,16.5,16.1,16.2
184,제주,2020-11-15 22:00,17.4,,,9,1.9,,70,,75,,14.9,12.9,1023.4,,1025.9,,,9,,,,6,6,,16,2000,,,15.9,,16,16.5,16.1,16.2
184,제주,2020-11-15 23:00,17.4,,,9,1.3,,110,,77,,15.3,13.3,1023.3,,1025.8,,,9,,,,4,4,,7,2000,,,15.8,,16,16.5,16.1,16.3
184,제주,2020-11-16 0:00,17.1,,0,,3,,20,,72,,14,12,1023.2,,1025.7,,,9,,,,10,4,,,2000,,1,15.6,,16,16.4,16.2,16.4
184,제주,2020-11-16 1:00,17.2,,,,1.6,,70,,69,,13.5,11.4,1022.7,,1025.2,,,9,,,,8,8,,7,2000,,,15.6,,16,16.4,16.1,16.5
184,제주,2020-11-16 2:00,16.9,,,,2.1,,50,,70,,13.4,11.3,1022.7,,1025.2,,,9,,,,4,4,,7,2000,,,15.4,,16,16.4,16.2,16.5
184,제주,2020-11-16 3:00,16.1,,0.1,,0.5,,200,,78,,14.2,12.2,1022.3,,1024.8,,,9,,,,10,5,ScAs,8,1884,,1,15.1,,16,16.4,16.1,16.5
184,제주,2020-11-16 4:00,16.2,,,9,1,,160,,78,,14.3,12.3,1022.3,,1024.8,,,9,,,,10,4,ScAs,10,2000,,,15,,16,16.3,16.2,16.5
184,제주,2020-11-16 5:00,15,,,9,0.9,,200,,89,,15.1,13.1,1022.7,,1025.2,,,9,,,,10,7,StNs,7,1163,,1,14.8,,16,16.4,16.2,16.5
184,제주,2020-11-16 6:00,14.8,,1.1,,0.9,,160,,91,,15.3,13.3,1022.8,,1025.3,,,9,,,,10,8,StNs,6,462,,1901,14.7,,15.9,16.4,16.1,16.5
184,제주,2020-11-16 7:00,14.7,,,9,1.5,,160,,89,,14.8,12.8,1022.7,,1025.2,,,9,,,,10,7,StNs,6,535,,1901,14.5,,15.9,16.4,16.2,16.5
184,제주,2020-11-16 8:00,15.2,,,9,0.9,,180,,87,,15,13,1023.2,,1025.7,,0,,0.01,,,10,4,ScAs,8,1353,,1901,14.8,,15.9,16.3,16.1,16.5
184,제주,2020-11-16 9:00,15.5,,0.2,,2,,90,,84,,14.8,12.8,1023.8,,1026.3,,0,,0.2,,,10,6,ScAs,8,1058,,1,16.4,,15.9,16.3,16.1,16.5
184,제주,2020-11-16 10:00,15.9,,,9,1.3,,140,,80,,14.4,12.4,1023.9,,1026.4,,0,,0.4,,,10,6,ScAs,8,1471,,,17.7,,15.9,16.4,16.1,16.6
184,제주,2020-11-16 11:00,17.6,,,9,2.2,,110,,71,,14.2,12.2,1023.2,,1025.7,,0.1,,1.06,,,8,8,Sc,7,1796,,,23.4,,16.1,16.4,16.2,16.5
184,제주,2020-11-16 12:00,17.7,,,9,2.1,,70,,74,,14.9,12.9,1022.6,,1025.1,,0.2,,1.2,,,9,9,Sc,7,1628,,,21.8,,16.2,16.5,16.2,16.5
184,제주,2020-11-16 13:00,18,,,9,2.1,,50,,72,,14.8,12.8,1021.6,,1024.1,,0,,0.9,,,9,9,Sc,7,1937,,,21.3,,16.4,16.8,16.4,16.5
184,제주,2020-11-16 14:00,18.3,,,9,2.9,,90,,73,,15.3,13.3,1020.9,,1023.4,,0.3,,1.21,,,7,7,Sc,8,1987,,,21.6,,16.7,17,16.5,16.5
184,제주,2020-11-16 15:00,18.9,,,9,2.3,,70,,75,,16.3,14.3,1020.6,,1023,,0.3,,0.75,,,6,6,Sc,10,1866,,,19.1,,16.8,17.1,16.5,16.6
184,제주,2020-11-16 16:00,18.4,,,9,2.8,,70,,77,,16.2,14.2,1020.6,,1023.1,,0,,0.54,,,8,8,Sc,9,1779,,,19.3,,16.9,17.3,16.6,16.6
184,제주,2020-11-16 17:00,17.7,,,9,2.3,,70,,83,,16.7,14.7,1020.8,,1023.3,,0.3,,0.3,,,5,5,Sc,9,1480,,,16.5,,17,17.4,16.8,16.6
184,제주,2020-11-16 18:00,17.3,,,9,3.2,,70,,87,,17.2,15.1,1021.2,,1023.7,,0,,0.03,,,9,9,Sc,10,1100,,,15.2,,17,17.4,16.8,16.7
184,제주,2020-11-16 19:00,17.5,,,9,2.2,,90,,90,,17.9,15.8,1021.8,,1024.3,,,9,,,,10,4,,2,566,,19,16.1,,16.9,17.4,16.9,16.7
184,제주,2020-11-16 20:00,17.7,,,9,1.9,,70,,91,,18.4,16.2,1021.7,,1024.2,,,9,,,,9,9,,2,480,,19,16.5,,16.9,17.3,16.9,16.7
184,제주,2020-11-16 21:00,17.5,,,9,2.3,,70,,93,,18.5,16.3,1021.9,,1024.4,,,9,,,,9,9,Sc,8,343,,19,16.5,,16.9,17.3,16.9,16.7
184,제주,2020-11-16 22:00,17.5,,,9,1.3,,70,,93,,18.5,16.3,1022,,1024.5,,,9,,,,8,8,,2,334,,19,16.3,,16.9,17.3,16.9,16.7
184,제주,2020-11-16 23:00,16.7,,,9,1.2,,200,,93,,17.6,15.5,1021.7,,1024.2,,,9,,,,6,3,,4,352,,19,14.4,,16.9,17.3,16.9,16.8
184,제주,2020-11-17 0:00,16.3,,,9,1.4,,180,,84,,15.5,13.5,1021.5,,1024,,,9,,,,8,8,,,1425,,19,14,,16.8,17.2,16.9,16.9
184,제주,2020-11-17 1:00,17.1,,,,1.8,,160,,78,,15.2,13.2,1021.2,,1023.7,,,9,,,,9,9,,18,2000,,,14.9,,16.7,17.2,16.9,16.8
184,제주,2020-11-17 2:00,17.1,,,,1.8,,160,,78,,15.2,13.2,1021.2,,1023.7,,,9,,,,3,1,,20,2000,,,14.2,,16.6,17.1,16.9,16.8
184,제주,2020-11-17 3:00,17.2,,,,2,,160,,81,,15.9,13.9,1020.8,,1023.3,,,9,,,,8,8,Sc,12,2000,,,14.6,,16.6,17,16.8,16.9
184,제주,2020-11-17 4:00,17,,,,0.9,,110,,80,,15.5,13.5,1020.8,,1023.3,,,9,,,,5,5,Sc,12,2000,,,14,,16.5,17,16.8,16.9
184,제주,2020-11-17 5:00,17.2,,,,0.8,,200,,79,,15.5,13.5,1020.8,,1023.3,,,9,,,,7,7,Sc,12,2000,,,14.4,,16.4,16.9,16.7,16.9
184,제주,2020-11-17 6:00,17,,,,1.7,,140,,79,,15.3,13.3,1020.7,,1023.2,,,9,,,,2,2,Sc,12,2000,,,13.3,,16.4,16.7,16.7,16.9
184,제주,2020-11-17 7:00,17.9,,,,2.2,,90,,83,,16.9,14.9,1021,,1023.5,,,9,,,,2,2,Sc,12,2000,,,13.5,,16.3,16.7,16.7,16.9
184,제주,2020-11-17 8:00,19.2,,,,2.1,,140,,82,,18.2,16,1021,,1023.4,,0,,0.07,,,3,3,Sc,12,2000,,,14.3,,16.2,16.7,16.6,16.9
184,제주,2020-11-17 9:00,19.6,,,,0.4,,0,,74,,16.8,14.8,1021.2,,1023.6,,0.1,,0.3,,,2,2,Sc,10,2000,,,15.4,,16.2,16.6,16.7,16.9
184,제주,2020-11-17 10:00,24.2,,,,1.9,,90,,58,,17.5,15.4,1021,,1023.4,,0.8,,1.13,,,2,2,Sc,12,2000,,,21.3,,16.2,16.6,16.6,16.9
184,제주,2020-11-17 11:00,24.8,,,,2.7,,110,,56,,17.5,15.4,1020.3,,1022.7,,1,,1.79,,,2,2,Sc,12,2000,,,25.7,,16.4,16.7,16.5,16.9
184,제주,2020-11-17 12:00,26.2,,,,2.5,,50,,58,,19.6,17.2,1019.6,,1022,,1,,2.05,,,2,2,Cu,8,2000,,,32.1,,16.7,16.9,16.6,16.9
184,제주,2020-11-17 13:00,25.8,,,,2.2,,290,,56,,18.5,16.3,1019.1,,1021.5,,1,,2.14,,,2,2,Cu,8,2000,,,34.8,,17.1,17.2,16.7,16.8
184,제주,2020-11-17 14:00,25.5,,,,2.2,,360,,56,,18.2,16,1018.6,,1021,,1,,1.87,,,3,3,Sc,10,2000,,,34.8,,17.5,17.7,16.9,16.8
184,제주,2020-11-17 15:00,24.8,,,,2.2,,290,,60,,18.8,16.5,1018.8,,1021.2,,0.9,,1.52,,,3,3,Sc,10,2000,,,25.8,,17.8,18,17.1,16.9
184,제주,2020-11-17 16:00,23.5,,,9,0.9,,270,,65,,18.8,16.5,1019.1,,1021.5,,0.4,,0.56,,,3,3,Sc,10,2000,,,22.5,,18,18.3,17.3,16.9
184,제주,2020-11-17 17:00,23.4,,,,1.1,,50,,64,,18.3,16.1,1019.2,,1021.6,,0.8,,0.34,,,2,1,ScCi,12,2000,,,20.1,,18.1,18.5,17.5,16.9
184,제주,2020-11-17 18:00,22.4,,,,2,,180,,67,,18.1,15.9,1019.2,,1021.6,,0.1,,0.02,,,2,1,ScCi,12,2000,,,18.2,,18.2,18.6,17.6,17
184,제주,2020-11-17 19:00,21.5,,,,1.6,,90,,71,,18.2,16,1019,,1021.4,,,9,,,,3,0,,,2000,,,17,,18.2,18.6,17.7,17.2
184,제주,2020-11-17 20:00,20.7,,,,2.8,,180,,75,,18.3,16.1,1019,,1021.4,,,9,,,,3,0,,,2000,,,16.4,,18.1,18.6,17.8,17.2
184,제주,2020-11-17 21:00,20.7,,,,2.3,,160,,72,,17.5,15.4,1019.2,,1021.6,,,9,,,,0,0,,,2000,,,16.1,,18,18.4,17.8,17.3
184,제주,2020-11-17 22:00,20,,,,0.3,,0,,75,,17.5,15.4,1018.9,,1021.4,,,9,,,,5,0,,,2000,,,15.2,,17.9,18.3,17.8,17.4
184,제주,2020-11-17 23:00,20.3,,,,1.5,,160,,72,,17,15,1018.9,,1021.3,,,9,,,,5,0,,,2000,,,15,,17.8,18.1,17.8,17.4
184,제주,2020-11-18 0:00,19.7,,,,2,,180,,74,,16.9,14.9,1018.7,,1021.1,,,9,,,,0,0,,,2000,,,14.6,,17.7,18.1,17.7,17.5
184,제주,2020-11-18 1:00,19.9,,,,1.4,,160,,73,,16.9,14.9,1017.4,,1019.8,,,9,,,,7,0,,,2000,,,14.6,,17.5,17.9,17.7,17.5
184,제주,2020-11-18 2:00,21.2,,,,1,,320,,64,,16.1,14.1,1017.2,,1019.6,,,9,,,,7,0,,,2000,,,14.9,,17.4,17.9,17.6,17.5
184,제주,2020-11-18 3:00,21.6,,,,2,,200,,63,,16.2,14.2,1016.8,,1019.2,,,9,,,,0,0,,,2000,,,14.8,,17.3,17.7,17.6,17.5
184,제주,2020-11-18 4:00,19.8,,,,2.6,,200,,75,,17.3,15.2,1016.8,,1019.2,,,9,,,,0,0,,,2000,,,15,,17.3,17.7,17.5,17.5
184,제주,2020-11-18 5:00,19.8,,,,2.1,,180,,71,,16.3,14.3,1016.2,,1018.6,,,9,,,,0,0,,,2000,,,14.8,,17.2,17.6,17.4,17.5
184,제주,2020-11-18 6:00,19.2,,,,1.2,,180,,74,,16.4,14.4,1016.6,,1019,,,9,,,,8,0,Ci,,2000,,,14.5,,17.1,17.4,17.5,17.6
184,제주,2020-11-18 7:00,18.9,,,,2.8,,180,,75,,16.3,14.3,1016.8,,1019.2,,,9,,,,8,1,ScCi,10,2000,,,14.6,,17.1,17.4,17.4,17.6
184,제주,2020-11-18 8:00,22.2,,,,2.4,,140,,63,,16.8,14.8,1016.7,,1019.1,,0,,0.04,,,9,2,ScCi,10,2000,,,15.9,,17,17.3,17.3,17.6
184,제주,2020-11-18 9:00,22.5,,0,,3.2,,140,,71,,19.2,16.9,1016.4,,1018.8,,0,,0.26,,,10,3,StNs,6,2000,,1,18.2,,17,17.3,17.3,17.5
184,제주,2020-11-18 10:00,22.9,,,9,3.3,,140,,67,,18.6,16.4,1016.8,,1019.2,,0,,0.27,,,10,4,StNs,6,1987,,1,19.2,,17.1,17.4,17.3,17.5
184,제주,2020-11-18 11:00,23.4,,,9,4.5,,110,,67,,19.2,16.9,1014.9,,1017.3,,0,,0.64,,,8,5,ScAc,11,2000,,1,21.4,,17.2,17.5,17.3,17.5
184,제주,2020-11-18 12:00,24,,0,,4.6,,110,,60,,17.8,15.7,1013.7,,1016.1,,0,,0.96,,,8,3,ScAc,12,2000,,,22.1,,17.4,17.7,17.4,17.5
184,제주,2020-11-18 13:00,24.8,,,9,2,,110,,56,,17.5,15.4,1012.6,,1015,,0,,0.52,,,10,3,ScAs,12,2000,,,21.9,,17.5,17.9,17.4,17.5
184,제주,2020-11-18 14:00,24.7,,,9,2.7,,20,,57,,17.7,15.6,1012.9,,1015.3,,0,,0.88,,,9,6,ScCi,10,2000,,,24,,17.8,18.1,17.4,17.5
184,제주,2020-11-18 15:00,23.9,,,9,2.7,,340,,61,,18.1,15.9,1012.7,,1015.1,,0.4,,1.12,,,8,6,ScAc,10,2000,,,24.3,,18,18.3,17.6,17.5
184,제주,2020-11-18 16:00,22.9,,,9,2.4,,340,,69,,19.2,16.9,1012.2,,1014.6,,0,,0.56,,,9,3,ScAc,12,2000,,,22.2,,18.2,18.5,17.7,17.5
184,제주,2020-11-18 17:00,24.4,,,9,1.5,,140,,59,,17.9,15.8,1012.1,,1014.5,,0.2,,0.28,,,9,4,ScAc,10,2000,,,20.7,,18.3,18.7,17.8,17.5
184,제주,2020-11-18 18:00,23.3,,,9,2,,140,,68,,19.4,17,1011.7,,1014.1,,0,,0.02,,,8,2,ScAc,12,2000,,,19,,18.3,18.7,18,17.6
184,제주,2020-11-18 19:00,23,,,9,0.4,,0,,67,,18.8,16.5,1011,,1013.4,,,9,,,,7,1,,16,2000,,,17.8,,18.3,18.8,18,17.5
184,제주,2020-11-18 20:00,22.7,,,9,3,,250,,69,,19,16.7,1010.8,,1013.2,,,9,,,,6,1,,38,2000,,,17.4,,18.3,18.8,18.1,17.6
184,제주,2020-11-18 21:00,22.4,,,9,2.7,,360,,73,,19.7,17.3,1010.2,,1012.6,,,9,,,,7,4,ScAc,12,2000,,,17.5,,18.2,18.7,18.1,17.6
184,제주,2020-11-18 22:00,22.7,,,9,2.8,,290,,71,,19.5,17.1,1010.2,,1012.6,,,9,,,,8,2,,18,2000,,,17.7,,18.2,18.7,18.1,17.6
184,제주,2020-11-18 23:00,24,,,9,3.8,,50,,64,,19,16.7,1009.5,,1011.9,,,9,,,,9,3,,17,2000,,,18.5,,18.1,18.6,18.1,17.7
184,제주,2020-11-19 0:00,22.2,,,9,3.4,,20,,76,,20.2,17.7,1009.7,,1012.1,,,9,,,,8,6,ScAc,12,2000,,,18.7,,18.1,18.5,18.1,17.7
184,제주,2020-11-19 1:00,23.2,,,,1.9,,110,,71,,20.1,17.6,1009.4,,1011.8,,,9,,,,9,8,,14,2000,,,18.4,,18.2,18.5,18.1,17.8
184,제주,2020-11-19 2:00,23.5,,,,3.7,,70,,68,,19.6,17.2,1009,,1011.4,,,9,,,,10,3,,14,2000,,,18.3,,18.2,18.6,18.1,17.9
184,제주,2020-11-19 3:00,24.4,,,,3.3,,50,,59,,17.9,15.8,1008.4,,1010.8,,,9,,,,6,3,ScAc,12,2000,,,17.7,,18.1,18.6,18.1,17.8
184,제주,2020-11-19 4:00,24,,,,1.6,,180,,59,,17.5,15.4,1008.2,,1010.6,,,9,,,,6,2,ScAc,12,2000,,,17.2,,18.1,18.6,18.1,17.8
184,제주,2020-11-19 5:00,24.6,,,,7.1,,250,,55,,16.9,14.9,1008.3,,1010.7,,,9,,,,6,2,ScAc,12,2000,,,17.9,,18.1,18.6,18.2,17.8
184,제주,2020-11-19 6:00,24.7,,,,5.1,,230,,61,,18.9,16.6,1008.4,,1010.8,,,9,,,,6,6,Sc,13,2000,,,18.5,,18.1,18.6,18.1,17.9
184,제주,2020-11-19 7:00,24.4,,,,4.6,,200,,68,,20.8,18.1,1007.9,,1010.3,,,9,,,,7,7,Sc,8,2000,,,18.9,,18.1,18.6,18.1,17.9
184,제주,2020-11-19 8:00,24.9,,,9,4.8,,230,,69,,21.7,18.8,1007.9,,1010.3,,0,,0.07,,,10,4,StNs,6,2000,,1,20,,18.1,18.6,18.1,17.9
184,제주,2020-11-19 9:00,23.5,,0.3,,3.6,,250,,84,,24.3,20.6,1007.7,,1010.1,,0.1,,0.35,,,10,4,StNs,6,1349,,1,21.4,,18.2,18.6,18.1,17.9
184,제주,2020-11-19 10:00,24.9,,,9,7.9,,200,,74,,23.2,19.9,1007.4,,1009.8,,0.2,,0.69,,,10,4,StNs,6,1976,,1,22.5,,18.3,18.6,18.2,18
184,제주,2020-11-19 11:00,24.1,,,9,7.5,,230,,82,,24.6,20.8,1007.3,,1009.7,,0.5,,1.31,,,10,6,StNs,6,1874,,1,22.5,,18.5,18.8,18.2,17.9
184,제주,2020-11-19 12:00,22.9,,6.7,,6.3,,230,,90,,25,21.1,1006.9,,1009.3,,0.1,,0.68,,,10,7,StNs,6,1006,,1,22.3,,18.7,19,18.2,18
184,제주,2020-11-19 13:00,23.4,,,9,7.3,,250,,86,,24.7,20.9,1006.3,,1008.7,,0.1,,0.98,,,10,8,ScAs,10,1595,,1,23.6,,19,19.4,18.4,18
184,제주,2020-11-19 14:00,21.2,,,9,7.5,,270,,93,,23.4,20,1006.8,,1009.2,,0,,0.24,,,10,3,StNs,4,337,,1901,21.1,,19.2,19.6,18.5,18.1
184,제주,2020-11-19 15:00,18.2,,3.8,,4.7,,270,,94,,19.6,17.2,1008,,1010.4,,0,,0.1,,,10,5,StNs,6,155,,1901,18.8,,19.2,19.6,18.7,18.1
184,제주,2020-11-19 16:00,17.6,,,9,4.6,,270,,93,,18.6,16.4,1008.8,,1011.2,,0,,0.02,,,10,6,StNs,4,338,,1901,17.8,,19.2,19.7,18.8,18.1
184,제주,2020-11-19 17:00,17.7,,,9,4.8,,270,,89,,17.9,15.8,1009.4,,1011.8,,0,,0.02,,,10,7,ScAs,10,1001,,1901,17.3,,19.1,19.6,18.9,18.2
184,제주,2020-11-19 18:00,17.2,,1.4,,4.3,,290,,83,,16.2,14.2,1010,,1012.4,,0,,0,,,10,5,ScAs,10,1359,,,16.6,,19,19.5,18.9,18.2
184,제주,2020-11-19 19:00,17,,,9,4,,290,,81,,15.7,13.7,1010.5,,1012.9,,,9,,,,9,7,,5,1679,,,16.2,,18.8,19.5,18.9,18.2
184,제주,2020-11-19 20:00,16.7,,,9,3.6,,290,,80,,15.2,13.2,1011.1,,1013.6,,,9,,,,3,3,,5,1847,,,15.1,,18.7,19.2,18.9,18.2
184,제주,2020-11-19 21:00,16.4,,,9,4.7,,320,,79,,14.7,12.7,1011.6,,1014.1,,,9,,,,10,6,ScAs,10,2000,,,15.3,,18.6,19,18.9,18.3
184,제주,2020-11-19 22:00,16,,,9,3.4,,320,,78,,14.1,12.1,1011.9,,1014.4,,,9,,,,6,3,,5,2000,,,14.7,,18.4,18.9,18.7,18.3
184,제주,2020-11-19 23:00,15.7,,,9,2.6,,320,,78,,13.8,11.8,1012.3,,1014.8,,,9,,,,10,3,,5,2000,,,14.7,,18.3,18.8,18.5,18.3
184,제주,2020-11-20 0:00,15.6,,,9,3.1,,320,,74,,13,10.9,1012.5,,1015,,,9,,,,10,8,ScAs,8,2000,,,14.5,,18.2,18.7,18.5,18.3
185,고산,2020-11-14 1:00,14.4,,,,6.9,,90,,88,,14.4,12.4,1018.1,,1026.7,,,9,,,,0,0,,,1109,,,11.4,,,,,
185,고산,2020-11-14 2:00,14.5,,,,5.6,,110,,88,,14.5,12.5,1018.3,,1026.9,,,9,,,,0,0,,,1068,,,11.3,,,,,
185,고산,2020-11-14 3:00,14.1,,,,6.4,,110,,86,,13.7,11.7,1017.9,,1026.5,,,9,,,,0,0,,,1009,,,11.1,,,,,
185,고산,2020-11-14 4:00,13.4,,,,5.1,,110,,75,,11.5,9,1017.9,,1026.5,,,9,,,,0,0,,,1587,,,10.1,,,,,
185,고산,2020-11-14 5:00,13.9,,,,4.9,,110,,55,,8.7,4.9,1017.9,,1026.5,,,9,,,,0,0,,,2000,,,9.4,,,,,
185,고산,2020-11-14 6:00,14.7,,,,3.6,,140,,49,,8.1,4,1018,,1026.6,,,9,,,,0,0,,,2000,,,9.3,,,,,
185,고산,2020-11-14 7:00,14.6,,,,0.8,,180,,47,,7.7,3.3,1018.6,,1027.2,,,9,,,,0,0,,,2000,,,7.5,,,,,
185,고산,2020-11-14 8:00,16.4,,,,1.1,,20,,48,,8.9,5.3,1019.3,,1027.8,,0.5,,0.08,,,0,0,,,2000,,,8.8,,,,,
185,고산,2020-11-14 9:00,17.4,,,,2.3,,90,,46,,9.1,5.6,1019.9,,1028.4,,1,,0.63,,,0,0,,,2000,,,12.7,,,,,
185,고산,2020-11-14 10:00,18.8,,,,1.8,,110,,55,,11.9,9.5,1019.9,,1028.3,,1,,1.27,,,1,0,,,2000,,,23.7,,,,,
185,고산,2020-11-14 11:00,19.9,,,,2,,320,,55,,12.7,10.5,1019.8,,1028.2,,1,,1.72,,,0,0,,,1954,,,30.6,,,,,
185,고산,2020-11-14 12:00,20.1,,,,3,,110,,68,,16,14,1019.4,,1027.8,,1,,1.93,,,1,0,,,1861,,,33.9,,,,,
185,고산,2020-11-14 13:00,20.1,,,,3.9,,50,,70,,16.4,14.4,1018.6,,1027,,1,,1.87,,,1,0,,,1778,,,34,,,,,
185,고산,2020-11-14 14:00,20.8,,,,4,,50,,63,,15.4,13.4,1018.2,,1026.6,,1,,1.93,,,4,0,,,1935,,,36.2,,,,,
185,고산,2020-11-14 15:00,21,,,,3.9,,360,,61,,15.1,13.1,1018,,1026.4,,1,,1.49,,,2,0,,,1954,,,33.1,,,,,
185,고산,2020-11-14 16:00,20,,,,4.5,,360,,62,,14.4,12.4,1018.2,,1026.6,,1,,1.07,,,2,2,,14,2000,,,27.6,,,,,
185,고산,2020-11-14 17:00,17.9,,,,2.2,,110,,58,,11.9,9.5,1018.4,,1026.9,,0.5,,0.31,,,1,1,,,2000,,,18.7,,,,,
185,고산,2020-11-14 18:00,16.5,,,,4.3,,140,,50,,9.3,6,1018.6,,1027.1,,0,,0.01,,,0,0,,,2000,,,14.9,,,,,
185,고산,2020-11-14 19:00,13.9,,,,3.8,,160,,58,,9.2,5.7,1018.8,,1027.4,,,9,,,,0,0,,,2000,,,13,,,,,
185,고산,2020-11-14 20:00,15.4,,,,1.4,,250,,60,,10.4,7.6,1019.3,,1027.9,,,9,,,,0,0,,,2000,,,11.1,,,,,
185,고산,2020-11-14 21:00,14.2,,,,2.9,,180,,63,,10.2,7.2,1019.2,,1027.8,,,9,,,,,0,,,2000,,,10.7,,,,,
185,고산,2020-11-14 22:00,13.3,,,,5,,180,,73,,11.1,8.5,1018.9,,1027.5,,,9,,,,,0,,,2000,,,10.6,,,,,
185,고산,2020-11-14 23:00,17.6,,,,0.2,,0,,51,,10.2,7.3,1018.7,,1027.2,,,9,,,,5,0,,,2000,,,9.8,,,,,
185,고산,2020-11-15 0:00,14.7,,,,3.7,,140,,66,,11,8.4,1018.7,,1027.3,,,9,,,,5,3,,10,2000,,,12.6,,,,,
185,고산,2020-11-15 1:00,15.3,,,,3.1,,140,,66,,11.4,8.9,1018.4,,1027,,,9,,,,2,2,,13,2000,,,11.5,,,,,
185,고산,2020-11-15 2:00,16.3,,,,2.7,,90,,75,,13.8,11.8,1018.4,,1026.9,,,9,,,,7,7,,12,2000,,,12.8,,,,,
185,고산,2020-11-15 3:00,15.3,,,,1.6,,140,,83,,14.4,12.4,1018.2,,1026.8,,,9,,,,0,0,,,1981,,,11.1,,,,,
185,고산,2020-11-15 4:00,15.6,,,,1.3,,70,,85,,15,13,1017.9,,1026.5,,,9,,,,3,0,,,2000,,,11.1,,,,,
185,고산,2020-11-15 5:00,15,,,,0.6,,50,,89,,15.1,13.1,1018,,1026.6,,,9,,,,0,0,,,1968,,,9.7,,,,,
185,고산,2020-11-15 6:00,15.4,,,,1.8,,110,,81,,14.1,12.1,1017.9,,1026.5,,,9,,,,0,0,,,2000,,,10.5,,,,,
185,고산,2020-11-15 7:00,15.5,,,,2.6,,110,,73,,12.8,10.6,1018.1,,1026.7,,,9,,,,1,0,,,2000,,,10.2,,,,,
185,고산,2020-11-15 8:00,16,,,,1.8,,140,,71,,12.9,10.7,1018.6,,1027.1,,0.6,,0.1,,,0,0,,,2000,,,11.5,,,,,
185,고산,2020-11-15 9:00,17.4,,,,1.3,,180,,67,,13.3,11.2,1019.2,,1027.7,,1,,0.64,,,2,0,,,2000,,,13.8,,,,,
185,고산,2020-11-15 10:00,17.2,,,,2.1,,70,,70,,13.7,11.6,1019.4,,1027.9,,1,,1.23,,,5,0,,,1980,,,23.5,,,,,
185,고산,2020-11-15 11:00,19,,,,1.9,,70,,65,,14.2,12.2,1019,,1027.4,,1,,1.71,,,8,2,,12,2000,,,30.8,,,,,
185,고산,2020-11-15 12:00,20.6,,,,3.7,,360,,69,,16.7,14.7,1018.4,,1026.8,,1,,1.96,,,3,0,,,1971,,,35.4,,,,,
185,고산,2020-11-15 13:00,20,,,,3.6,,50,,67,,15.6,13.6,1017.6,,1026,,1,,2.01,,,8,0,,,2000,,,36.4,,,,,
185,고산,2020-11-15 14:00,19.3,,,,1.8,,70,,71,,15.9,13.9,1016.9,,1025.3,,0.3,,1.03,,,6,6,,20,2000,,,29.7,,,,,
185,고산,2020-11-15 15:00,20,,,,2.1,,50,,72,,16.7,14.7,1016.8,,1025.2,,0,,0.79,,,6,1,,20,2000,,,28.2,,,,,
185,고산,2020-11-15 16:00,18.9,,,,2,,70,,75,,16.3,14.3,1016.9,,1025.3,,0,,0.44,,,5,2,,7,2000,,,24.6,,,,,
185,고산,2020-11-15 17:00,18.3,,,9,1.8,,110,,76,,15.9,13.9,1016.9,,1025.3,,0,,0.13,,,4,3,,17,2000,,,20.9,,,,,
185,고산,2020-11-15 18:00,17.8,,0,,2.4,,140,,78,,15.9,13.9,1016.9,,1025.3,,0,,0,,,3,3,,16,2000,,,18.7,,,,,
185,고산,2020-11-15 19:00,17.5,,,9,2.4,,140,,81,,16.1,14.1,1017,,1025.5,,,9,,,,2,2,,16,2000,,,18,,,,,
185,고산,2020-11-15 20:00,17.5,,,9,2,,140,,81,,16.1,14.1,1016.9,,1025.4,,,9,,,,4,4,,16,2000,,,17.5,,,,,
185,고산,2020-11-15 21:00,17,,0,,3.5,,140,,82,,15.8,13.8,1016.8,,1025.3,,,9,,,,9,9,,15,2000,,,17.2,,,,,
185,고산,2020-11-15 22:00,16.7,,,9,3,,140,,84,,15.9,13.9,1016.8,,1025.3,,,9,,,,3,3,,15,2000,,,16.8,,,,,
185,고산,2020-11-15 23:00,17.2,,,9,2.8,,110,,83,,16.2,14.2,1017,,1025.5,,,9,,,,3,3,,14,2000,,,16.8,,,,,
185,고산,2020-11-16 0:00,16.6,,0,,4,,110,,88,,16.5,14.5,1016.5,,1025,,,9,,,,5,5,,13,2000,,,15.6,,,,,
185,고산,2020-11-16 1:00,16.3,,,,5.1,,110,,81,,15,13,1016,,1024.5,,,9,,,,5,5,,11,2000,,,15.8,,,,,
185,고산,2020-11-16 2:00,16,,,9,5.5,,90,,86,,15.6,13.6,1015.8,,1024.3,,,9,,,,4,4,,9,1968,,,15,,,,,
185,고산,2020-11-16 3:00,16,,0,,5.4,,110,,84,,15.2,13.2,1015.4,,1023.9,,,9,,,,9,9,,8,2000,,,15,,,,,
185,고산,2020-11-16 4:00,14.7,,,9,4.8,,110,,97,,16.2,14.2,1015.6,,1024.1,,,9,,,,10,10,,5,436,,,14.6,,,,,
185,고산,2020-11-16 5:00,14.2,,,9,4.8,,90,,100,,16.1,14.1,1016,,1024.6,,,9,,,,10,7,,1,277,,,14.4,,,,,
185,고산,2020-11-16 6:00,13.9,,2.2,,4.8,,110,,100,,15.8,13.8,1015.8,,1024.4,,,9,,,,8,3,,1,792,,,14.1,,,,,
185,고산,2020-11-16 7:00,14.5,,,9,7.2,,110,,95,,15.7,13.7,1015.5,,1024,,,9,,,,9,9,,8,1948,,,13.9,,,,,
185,고산,2020-11-16 8:00,14.5,,,9,6.4,,90,,92,,15.2,13.2,1016.1,,1024.7,,0,,0.03,,,7,7,,7,1966,,,14.3,,,,,
185,고산,2020-11-16 9:00,14.9,,,9,5.1,,90,,88,,14.9,12.9,1017,,1025.6,,0,,0.04,,,9,9,,8,2000,,,14.3,,,,,
185,고산,2020-11-16 10:00,15.8,,,9,4.1,,90,,83,,14.9,12.9,1016.9,,1025.4,,0,,0.37,,,10,10,,8,2000,,,16.8,,,,,
185,고산,2020-11-16 11:00,17.5,,,9,3.5,,110,,77,,15.4,13.4,1016.5,,1025,,0.1,,1,,,8,5,,11,1986,,,20.6,,,,,
185,고산,2020-11-16 12:00,20.1,,0,,1.6,,140,,78,,18.3,16.1,1015.7,,1024.1,,0.9,,1.6,,,7,5,,11,1994,,,27.7,,,,,
185,고산,2020-11-16 13:00,19.2,,,9,2.8,,270,,84,,18.6,16.4,1015.1,,1023.5,,0.5,,1.38,,,9,9,,5,1937,,,26.7,,,,,
185,고산,2020-11-16 14:00,19.8,,,9,1.6,,360,,81,,18.6,16.4,1014.6,,1022.9,,0.2,,1.12,,,10,8,,6,1929,,,28.8,,,,,
185,고산,2020-11-16 15:00,19.6,,,9,2,,270,,81,,18.4,16.2,1014.3,,1022.6,,1,,1.51,,,4,3,,,1989,,,29.8,,,,,
185,고산,2020-11-16 16:00,19.2,,,9,2.1,,270,,87,,19.2,16.9,1014.3,,1022.7,,1,,1,,,4,0,,,1969,,,25,,,,,
185,고산,2020-11-16 17:00,18.3,,,9,3.5,,360,,89,,18.6,16.4,1014.7,,1023.1,,0.1,,0.17,,,5,5,,5,2000,,,20.8,,,,,
185,고산,2020-11-16 18:00,17.3,,0,,2.4,,20,,92,,18.1,15.9,1014.9,,1023.4,,0,,0,,,7,7,,6,1983,,,17.9,,,,,
185,고산,2020-11-16 19:00,17.5,,,9,0.8,,140,,92,,18.3,16.1,1015.3,,1023.7,,,9,,,,7,3,,4,1541,,,17.1,,,,,
185,고산,2020-11-16 20:00,17.1,,,9,2.3,,140,,93,,18.1,15.9,1015.2,,1023.7,,,9,,,,8,6,,9,1122,,,15.6,,,,,
185,고산,2020-11-16 21:00,17.5,,,9,1.3,,110,,92,,18.3,16.1,1015.4,,1023.8,,,9,,,,6,5,,7,1523,,,15.7,,,,,
185,고산,2020-11-16 22:00,17.2,,,9,2.6,,90,,91,,17.8,15.7,1015.6,,1024.1,,,9,,,,5,5,,7,982,,,15.2,,,,,
185,고산,2020-11-16 23:00,16.9,,,9,2.8,,140,,93,,17.8,15.7,1015.3,,1023.8,,,9,,,,4,2,,7,708,,,14.6,,,,,
185,고산,2020-11-17 0:00,17.1,,,9,1.8,,110,,93,,18.1,15.9,1015.3,,1023.8,,,9,,,,3,3,,18,855,,,15.2,,,,,
185,고산,2020-11-17 1:00,17.3,,,,1.6,,140,,91,,17.9,15.8,1015,,1023.5,,,9,,,,7,7,,20,1256,,,14.4,,,,,
185,고산,2020-11-17 2:00,16.9,,,,3,,180,,92,,17.6,15.5,1014.8,,1023.3,,,9,,,,6,2,,20,1473,,,14.7,,,,,
185,고산,2020-11-17 3:00,16.9,,,,4.1,,180,,97,,18.6,16.4,1014.6,,1023.1,,,9,,,,6,1,,20,1577,,,14.8,,,,,
185,고산,2020-11-17 4:00,17.7,,,,3.6,,200,,97,,19.6,17.2,1014.5,,1022.9,,,9,,,,0,0,,,1856,,,14.9,,,,,
185,고산,2020-11-17 5:00,17.7,,,,4.8,,200,,97,,19.6,17.2,1014.3,,1022.7,,,9,,,,2,1,,20,1904,,,15.3,,,,,
185,고산,2020-11-17 6:00,18.2,,,,4.8,,180,,95,,19.7,17.3,1014.3,,1022.7,,,9,,,,1,1,,,2000,,,15,,,,,
185,고산,2020-11-17 7:00,17.8,,,,5,,200,,87,,17.7,15.6,1014.6,,1023,,,9,,,,5,2,,26,2000,,,14.8,,,,,
185,고산,2020-11-17 8:00,18.8,,,,4.2,,180,,82,,17.7,15.6,1014.9,,1023.3,,0.6,,0.16,,,5,,,,2000,,,16,,,,,
185,고산,2020-11-17 9:00,21.4,,,,4.4,,200,,73,,18.5,16.3,1015,,1023.3,,1,,0.66,,,2,1,,,1936,,,17.2,,,,,
185,고산,2020-11-17 10:00,22.9,,,,5.5,,200,,69,,19.2,16.9,1014.7,,1023,,1,,1.19,,,2,0,,,2000,,,24.5,,,,,
185,고산,2020-11-17 11:00,23.8,,,,6.1,,200,,76,,22.4,19.3,1014.6,,1022.8,,1,,1.68,,,2,0,,,2000,,,30.2,,,,,
185,고산,2020-11-17 12:00,23.7,,,,6.8,,200,,77,,22.5,19.4,1014.2,,1022.4,,1,,1.95,,,3,1,,6,2000,,,33.7,,,,,
185,고산,2020-11-17 13:00,23.9,,,,6.1,,200,,77,,22.8,19.6,1013.2,,1021.4,,1,,2.04,,,3,0,,,2000,,,35.8,,,,,
185,고산,2020-11-17 14:00,23.6,,,,6.1,,200,,80,,23.2,19.9,1012.7,,1020.9,,1,,1.87,,,2,2,,5,2000,,,35.7,,,,,
185,고산,2020-11-17 15:00,22.9,,,,6.6,,200,,84,,23.4,20,1012.8,,1021,,1,,1.37,,,4,4,,4,2000,,,32.3,,,,,
185,고산,2020-11-17 16:00,22.3,,,,6.4,,200,,88,,23.7,20.2,1012.8,,1021.1,,1,,0.99,,,2,2,,4,2000,,,27.1,,,,,
185,고산,2020-11-17 17:00,21.6,,,,6.5,,200,,90,,23.1,19.8,1013.2,,1021.5,,1,,0.34,,,2,0,,,2000,,,22.3,,,,,
185,고산,2020-11-17 18:00,20.8,,,,5.5,,200,,94,,22.9,19.7,1013,,1021.3,,0.1,,0.03,,,5,0,,,2000,,,20,,,,,
185,고산,2020-11-17 19:00,20.6,,,,5.6,,200,,97,,23.5,20.1,1013.2,,1021.6,,,9,,,,4,1,,5,2000,,,19.3,,,,,
185,고산,2020-11-17 20:00,20.6,,,,6,,200,,96,,23.2,19.9,1013.3,,1021.7,,,9,,,,3,2,,5,2000,,,18.9,,,,,
185,고산,2020-11-17 21:00,20.5,,,,5.6,,200,,97,,23.4,20,1013.4,,1021.8,,,9,,,,4,1,,5,1902,,,18.6,,,,,
185,고산,2020-11-17 22:00,20.6,,,,7.7,,200,,98,,23.7,20.2,1012.8,,1021.2,,,9,,,,4,1,,4,1861,,,18.6,,,,,
185,고산,2020-11-17 23:00,20.7,,,,7.7,,200,,98,,23.8,20.3,1012.9,,1021.3,,,9,,,,4,3,,3,1895,,,18.8,,,,,
185,고산,2020-11-18 0:00,20.4,,,,6.5,,200,,99,,23.7,20.2,1012.4,,1020.8,,,9,,,,5,2,,3,1879,,,18.4,,,,,
185,고산,2020-11-18 1:00,20.5,,,,7.7,,200,,98,,23.5,20.1,1011.6,,1019.9,,,9,,,,6,1,,6,1966,,,18.5,,,,,
185,고산,2020-11-18 2:00,20.3,,,,7.4,,200,,97,,23.1,19.8,1011.4,,1019.8,,,9,,,,6,0,,,1985,,,18.2,,,,,
185,고산,2020-11-18 3:00,20.2,,,,6.7,,200,,98,,23.1,19.8,1011.3,,1019.7,,,9,,,,7,0,,,1980,,,18.1,,,,,
185,고산,2020-11-18 4:00,20.2,,,,6.6,,200,,96,,22.7,19.5,1010.7,,1019.1,,,9,,,,6,0,,,1974,,,17.9,,,,,
185,고산,2020-11-18 5:00,20.2,,,,6.8,,200,,94,,22.1,19.1,1010.3,,1018.7,,,9,,,,6,0,,,1992,,,17.7,,,,,
185,고산,2020-11-18 6:00,20.5,,,,7.3,,200,,94,,22.5,19.4,1010.3,,1018.6,,,9,,,,8,1,,14,1962,,,18.3,,,,,
185,고산,2020-11-18 7:00,20.7,,,,7.4,,200,,92,,22.4,19.3,1010.3,,1018.6,,,9,,,,10,9,,12,2000,,,18.5,,,,,
185,고산,2020-11-18 8:00,20.6,,,,7.1,,200,,94,,22.7,19.5,1010.4,,1018.7,,0,,0.02,,,9,0,,,1989,,,18.5,,,,,
185,고산,2020-11-18 9:00,21.6,,,,7.9,,200,,92,,23.7,20.2,1010.5,,1018.8,,0.7,,0.48,,,8,0,,,1874,,,21.3,,,,,
185,고산,2020-11-18 10:00,22.2,,,,9.3,,200,,91,,24.3,20.6,1009.9,,1018.2,,0.5,,0.8,,,8,1,,18,1898,,,24.3,,,,,
185,고산,2020-11-18 11:00,22.6,,,,10.3,,200,,85,,23.2,19.9,1009,,1017.2,,0.9,,1.36,,,7,0,,,1994,,,28.2,,,,,
185,고산,2020-11-18 12:00,22.1,,,,10.5,,200,,85,,22.5,19.4,1008.1,,1016.3,,0.6,,1.3,,,9,2,,7,2000,,,26.2,,,,,
185,고산,2020-11-18 13:00,22.9,,,,10.7,,200,,86,,24,20.4,1007.3,,1015.5,,0.3,,1.1,,,9,5,,51,1897,,,29.6,,,,,
185,고산,2020-11-18 14:00,23.1,,,,11.1,,200,,86,,24.3,20.6,1006.9,,1015.1,,0.9,,1.57,,,8,2,,49,2000,,,30.1,,,,,
185,고산,2020-11-18 15:00,22.6,,,,9.8,,200,,90,,24.6,20.8,1006.4,,1014.6,,0.4,,1.02,,,9,4,,20,1840,,,28.2,,,,,
185,고산,2020-11-18 16:00,22,,,,9.5,,200,,93,,24.6,20.8,1006.3,,1014.5,,0.1,,0.53,,,9,4,,19,1993,,,25,,,,,
185,고산,2020-11-18 17:00,21.6,,,,9.5,,200,,93,,24,20.4,1006,,1014.3,,0,,0.25,,,7,3,,19,1987,,,22.4,,,,,
185,고산,2020-11-18 18:00,21.5,,,,9.5,,200,,96,,24.6,20.8,1005.8,,1014.1,,0,,0.04,,,9,4,,38,1961,,,21.1,,,,,
185,고산,2020-11-18 19:00,21.3,,,,10,,200,,97,,24.4,20.7,1005.6,,1013.9,,,9,,,,6,4,,,1894,,,20.2,,,,,
185,고산,2020-11-18 20:00,21.2,,,,9.9,,200,,99,,24.9,21,1005.4,,1013.7,,,9,,,,5,0,,,1742,,,20,,,,,
185,고산,2020-11-18 21:00,21.4,,,,10.2,,200,,99,,25.2,21.2,1005.5,,1013.8,,,9,,,,9,2,,3,1889,,,20.4,,,,,
185,고산,2020-11-18 22:00,21.3,,,,11.2,,200,,98,,24.7,20.9,1005,,1013.3,,,9,,,,6,6,,3,1870,,,20.4,,,,,
185,고산,2020-11-18 23:00,21.3,,,,10.8,,200,,98,,24.7,20.9,1004.6,,1012.9,,,9,,,,10,5,,5,1851,,,20.4,,,,,
185,고산,2020-11-19 0:00,21.4,,,,12,,230,,98,,24.9,21,1004.7,,1012.9,,,9,,,,8,1,,3,1670,,,20.4,,,,,
185,고산,2020-11-19 1:00,21.3,,,,12.1,,230,,98,,24.7,20.9,1004.2,,1012.4,,,9,,,,10,9,,5,1427,,,20.6,,,,,
185,고산,2020-11-19 2:00,21.2,,,,12,,230,,99,,24.9,21,1003.9,,1012.2,,,9,,,,9,9,,3,1533,,,20.4,,,,,
185,고산,2020-11-19 3:00,20.9,,,,11.1,,230,,100,,24.6,20.8,1003,,1011.3,,,9,,,,4,4,,2,1522,,,19.8,,,,,
185,고산,2020-11-19 4:00,20.8,,,,9.3,,230,,100,,24.4,20.7,1003.2,,1011.5,,,9,,,,4,4,,3,1299,,,19.6,,,,,
185,고산,2020-11-19 5:00,21,,,,9.9,,230,,100,,24.7,20.9,1003.1,,1011.4,,,9,,,,6,4,,3,1273,,,20.1,,,,,
185,고산,2020-11-19 6:00,21,,,,9.5,,230,,100,,24.7,20.9,1003.1,,1011.4,,,9,,,,6,6,,2,1065,,,20.3,,,,,
185,고산,2020-11-19 7:00,21.1,,,9,9.7,,230,,100,,24.9,21,1002.7,,1010.9,,,9,,,,8,8,,2,828,,,20.5,,,,,
185,고산,2020-11-19 8:00,21.2,,,9,10.1,,230,,100,,25,21.1,1002.7,,1010.9,,0,,0,,,8,8,,1,753,,,21,,,,,
185,고산,2020-11-19 9:00,21,,0.5,,10.6,,250,,100,,24.7,20.9,1002.5,,1010.8,,0,,0.05,,,8,8,,1,362,,,21.2,,,,,
185,고산,2020-11-19 10:00,20.9,,,9,10.8,,250,,100,,24.6,20.8,1002.3,,1010.6,,0,,0.22,,,10,8,,2,483,,,21.4,,,,,
185,고산,2020-11-19 11:00,20.9,,,9,10.9,,250,,100,,24.6,20.8,1002.1,,1010.4,,0,,0.31,,,9,9,,2,825,,,21.7,,,,,
185,고산,2020-11-19 12:00,20.8,,1.4,,11,,290,,100,,24.4,20.7,1001.4,,1009.7,,0.1,,0.25,,,9,9,,,982,,,21.8,,,,,
185,고산,2020-11-19 13:00,20.2,,,9,12.3,,320,,100,,23.5,20.1,1000.9,,1009.2,,0,,0.41,,,9,8,,,388,,,21.3,,,,,
185,고산,2020-11-19 14:00,18.6,,,9,10.6,,20,,100,,21.3,18.5,1001.2,,1009.5,,0,,0.21,,,8,8,,,322,,,20.7,,,,,
185,고산,2020-11-19 15:00,17.7,,,9,11.7,,20,,100,,20.1,17.6,1001.8,,1010.1,,0,,0.09,,,8,8,,2,1246,,,19,,,,,
185,고산,2020-11-19 16:00,17.2,,,9,9,,50,,100,,19.5,17.1,1002.3,,1010.7,,0,,0.08,,,5,5,,2,849,,,18.3,,,,,
185,고산,2020-11-19 17:00,17.3,,,9,11.1,,50,,98,,19.2,16.9,1002.6,,1010.9,,0,,0.08,,,5,5,,3,1182,,,17.5,,,,,
185,고산,2020-11-19 18:00,17,,,9,10.2,,50,,93,,17.9,15.8,1003.1,,1011.5,,0,,0,,,9,9,,3,1738,,,16.5,,,,,
185,고산,2020-11-19 19:00,16.8,,,9,9.8,,50,,87,,16.6,14.6,1003.5,,1011.9,,,9,,,,9,4,,8,2000,,,15.4,,,,,
185,고산,2020-11-19 20:00,16.4,,,9,10.3,,50,,88,,16.4,14.4,1004.1,,1012.5,,,9,,,,4,3,,5,2000,,,14.6,,,,,
185,고산,2020-11-19 21:00,16.2,,,9,10.5,,70,,87,,16,14,1004.2,,1012.6,,,9,,,,8,7,,5,2000,,,14.5,,,,,
185,고산,2020-11-19 22:00,15.6,,,9,9.8,,70,,88,,15.6,13.6,1004.6,,1013,,,9,,,,6,4,,5,2000,,,14.1,,,,,
185,고산,2020-11-19 23:00,15.6,,,9,10.1,,70,,87,,15.4,13.4,1004.9,,1013.4,,,9,,,,9,9,,5,2000,,,14.1,,,,,
185,고산,2020-11-20 0:00,15.3,,,9,10.3,,70,,86,,14.9,12.9,1005.2,,1013.7,,,9,,,,5,2,,5,2000,,,13.5,,,,,
188,성산,2020-11-14 1:00,13.2,,,,2.1,,20,,74,,11.2,8.6,1024.7,,1027.2,,,9,,,,0,0,,,923,,,10.3,,,,,
188,성산,2020-11-14 2:00,13.4,,,,1.7,,340,,77,,11.8,9.4,1025,,1027.5,,,9,,,,0,0,,,732,,,10.3,,,,,
188,성산,2020-11-14 3:00,13.1,,,,1.7,,290,,77,,11.6,9.1,1024.7,,1027.2,,,9,,,,1,0,,,707,,,10.3,,,,,
188,성산,2020-11-14 4:00,13.1,,,,1.5,,360,,78,,11.7,9.3,1024.6,,1027.1,,,9,,,,2,0,,,668,,,10.4,,,,,
188,성산,2020-11-14 5:00,13.5,,,,1.6,,340,,79,,12.2,9.9,1024.6,,1027.1,,,9,,,,8,0,,,800,,,10.7,,,,,
188,성산,2020-11-14 6:00,14.6,,,,2.5,,360,,82,,13.6,11.5,1024.8,,1027.3,,,9,,,,8,4,,7,652,,,12.5,,,,,
188,성산,2020-11-14 7:00,15,,,,1.4,,320,,83,,14.1,12.1,1025.3,,1027.8,,,9,,,,6,6,,6,702,,,13.2,,,,,
188,성산,2020-11-14 8:00,17.3,,,,2.1,,20,,69,,13.6,11.5,1025.8,,1028.2,,0.2,,,,,3,3,,8,1338,,,14.4,,,,,
188,성산,2020-11-14 9:00,18.7,,,,3.4,,70,,62,,13.3,11.2,1026.2,,1028.6,,1,,,,,3,3,,9,1528,,,16.4,,,,,
188,성산,2020-11-14 10:00,19.5,,,,4.3,,70,,51,,11.5,9,1026.5,,1028.9,,1,,,,,3,3,,12,1962,,,18.1,,,,,
188,성산,2020-11-14 11:00,20.1,,,,3.7,,70,,46,,10.8,8.1,1026.3,,1028.7,,1,,,,,4,4,,14,2000,,,25.2,,,,,
188,성산,2020-11-14 12:00,20,,,,4.1,,70,,43,,10,7,1025.9,,1028.3,,1,,,,,4,2,,14,2000,,,29,,,,,
188,성산,2020-11-14 13:00,20.1,,,,3.6,,70,,44,,10.3,7.4,1025.2,,1027.6,,1,,,,,4,2,,14,2000,,,31.8,,,,,
188,성산,2020-11-14 14:00,19.9,,,,3.2,,70,,44,,10.2,7.2,1024.9,,1027.3,,1,,,,,4,2,,14,2000,,,25.4,,,,,
188,성산,2020-11-14 15:00,19.5,,,,3.7,,70,,44,,9.9,6.9,1024.8,,1027.2,,1,,,,,3,0,,,2000,,,20.5,,,,,
188,성산,2020-11-14 16:00,18.6,,,,3.4,,50,,47,,10,7,1025,,1027.4,,1,,,,,3,0,,,2000,,,18.3,,,,,
188,성산,2020-11-14 17:00,17.2,,,,2.5,,20,,62,,12.1,9.8,1025.1,,1027.5,,1,,,,,4,0,,,2000,,,16.2,,,,,
188,성산,2020-11-14 18:00,16.1,,,,1.3,,340,,68,,12.4,10.1,1025.3,,1027.7,,0.1,,,,,7,7,,11,1863,,,16,,,,,
188,성산,2020-11-14 19:00,15.6,,,,1.1,,340,,72,,12.7,10.5,1025.5,,1028,,,9,,,,8,8,,12,1746,,,14.9,,,,,
188,성산,2020-11-14 20:00,14.9,,,,1.1,,320,,74,,12.4,10.2,1025.6,,1028,,,9,,,,7,7,,13,1671,,,14,,,,,
188,성산,2020-11-14 21:00,14.8,,,,1.8,,320,,76,,12.8,10.6,1025.3,,1027.7,,,9,,,,,1,,,1392,,,13,,,,,
188,성산,2020-11-14 22:00,14.7,,,,1.7,,340,,78,,12.9,10.8,1025.1,,1027.5,,,9,,,,,7,,8,1359,,,13.1,,,,,
188,성산,2020-11-14 23:00,18,,,,3.9,,90,,60,,12.4,10.1,1025.1,,1027.5,,,9,,,,8,8,,11,2000,,,14.5,,,,,
188,성산,2020-11-15 0:00,17.8,,,,3.8,,90,,60,,12.2,9.9,1024.9,,1027.3,,,9,,,,8,8,,11,1987,,,15,,,,,
188,성산,2020-11-15 1:00,17.3,,,,2.3,,70,,59,,11.6,9.2,1024.8,,1027.2,,,9,,,,7,7,,11,2000,,,14.6,,,,,
188,성산,2020-11-15 2:00,14.8,,,,1.2,,20,,67,,11.2,8.7,1024.7,,1027.1,,,9,,,,8,4,,12,2000,,,12.2,,,,,
188,성산,2020-11-15 3:00,12.5,,,,1.4,,320,,76,,10.9,8.3,1024.6,,1027.1,,,9,,,,3,1,,11,2000,,,10.9,,,,,
188,성산,2020-11-15 4:00,12.3,,,,1.6,,320,,77,,10.9,8.3,1024.2,,1026.7,,,9,,,,0,0,,,2000,,,10.3,,,,,
188,성산,2020-11-15 5:00,12,,,,2.1,,320,,76,,10.6,7.8,1024.4,,1026.9,,,9,,,,0,0,,,2000,,,10.1,,,,,
188,성산,2020-11-15 6:00,12.2,,,,2.2,,320,,82,,11.6,9.2,1024.8,,1027.3,,,9,,,,1,0,,,2000,,,10.2,,,,,
188,성산,2020-11-15 7:00,13.1,,,,1.3,,320,,82,,12.3,10,1025,,1027.5,,,9,,,,7,0,,,2000,,,10.9,,,,,
188,성산,2020-11-15 8:00,14.3,,,,1.7,,360,,81,,13.1,11,1025.2,,1027.7,,0.3,,,,,3,0,,,2000,,,12.1,,,,,
188,성산,2020-11-15 9:00,16.4,,,,2.4,,20,,77,,14.3,12.3,1025.9,,1028.3,,0.4,,,,,6,6,,5,2000,,,15.9,,,,,
188,성산,2020-11-15 10:00,16.9,,,,2.7,,20,,73,,14,12,1026.1,,1028.5,,0,,,,,8,8,,5,2000,,,18.1,,,,,
188,성산,2020-11-15 11:00,17.8,,,,2.2,,20,,70,,14.2,12.2,1025.9,,1028.3,,0.2,,,,,8,8,,6,2000,,,20.9,,,,,
188,성산,2020-11-15 12:00,19.1,,,,3,,20,,63,,13.8,11.8,1025.3,,1027.7,,0.8,,,,,6,6,,6,2000,,,27.3,,,,,
188,성산,2020-11-15 13:00,19.2,,,,2.7,,50,,63,,13.9,11.9,1024.3,,1026.7,,0.7,,,,,6,6,,7,2000,,,28.2,,,,,
188,성산,2020-11-15 14:00,17.5,,,,2.4,,70,,67,,13.3,11.2,1023.8,,1026.2,,0.1,,,,,10,9,,13,2000,,,20.9,,,,,
188,성산,2020-11-15 15:00,17.4,,,,1.9,,50,,69,,13.7,11.6,1023.6,,1026,,0,,,,,10,10,,13,2000,,,19,,,,,
188,성산,2020-11-15 16:00,17.6,,,,1.5,,50,,69,,13.8,11.8,1023.6,,1026,,0,,,,,9,9,,13,1616,,,18.6,,,,,
188,성산,2020-11-15 17:00,17.5,,,,0.9,,360,,71,,14.1,12.1,1023.5,,1025.9,,0,,,,,9,9,,12,2000,,,17.8,,,,,
188,성산,2020-11-15 18:00,16.8,,0,,0.7,,340,,76,,14.5,12.5,1023.5,,1025.9,,0,,,,,4,4,,10,1703,,,16.8,,,,,
188,성산,2020-11-15 19:00,16.6,,,9,0.7,,340,,77,,14.5,12.5,1023.6,,1026,,,9,,,,8,8,,10,2000,,,16.4,,,,,
188,성산,2020-11-15 20:00,16.7,,,9,0.8,,360,,76,,14.4,12.4,1023.5,,1025.9,,,9,,,,3,3,,11,2000,,,16.2,,,,,
188,성산,2020-11-15 21:00,16.8,,,9,0.8,,360,,78,,14.9,12.9,1023.3,,1025.7,,,9,,,,6,6,,13,1580,,,16,,,,,
188,성산,2020-11-15 22:00,16.3,,,9,0.9,,320,,83,,15.4,13.4,1023.4,,1025.8,,,9,,,,5,2,,6,1775,,,15.9,,,,,
188,성산,2020-11-15 23:00,16.7,,,9,0.8,,320,,82,,15.6,13.6,1023.2,,1025.6,,,9,,,,9,9,,5,1900,,,15.9,,,,,
188,성산,2020-11-16 0:00,16.3,,0.1,,0.8,,320,,78,,14.4,12.4,1023.1,,1025.5,,,9,,,,10,5,,,1659,,,15.5,,,,,
188,성산,2020-11-16 1:00,16.3,,,,1.4,,340,,73,,13.5,11.4,1022.3,,1024.7,,,9,,,,8,6,,6,2000,,,15,,,,,
188,성산,2020-11-16 2:00,16,,,,1.2,,320,,74,,13.4,11.3,1022.2,,1024.6,,,9,,,,5,5,,10,2000,,,14.8,,,,,
188,성산,2020-11-16 3:00,15.7,,,,2.1,,20,,74,,13.1,11,1021.9,,1024.3,,,9,,,,5,4,,7,2000,,,14.6,,,,,
188,성산,2020-11-16 4:00,15.6,,,9,2.2,,360,,75,,13.2,11.1,1021.9,,1024.3,,,9,,,,5,5,,8,1950,,,14.4,,,,,
188,성산,2020-11-16 5:00,15.4,,,9,1.5,,340,,79,,13.7,11.7,1022.1,,1024.5,,,9,,,,7,7,,7,1691,,,14.5,,,,,
188,성산,2020-11-16 6:00,14.7,,0,,2.2,,320,,81,,13.5,11.4,1022.1,,1024.5,,,9,,,,9,9,,7,1540,,,14.3,,,,,
188,성산,2020-11-16 7:00,14.4,,,9,2,,340,,79,,12.9,10.7,1022.4,,1024.8,,,9,,,,9,9,,8,1975,,,14,,,,,
188,성산,2020-11-16 8:00,14,,,9,2.3,,360,,86,,13.7,11.6,1022.9,,1025.4,,0,,,,,8,8,,8,707,,,14.1,,,,,
188,성산,2020-11-16 9:00,14.5,,0,,2.2,,360,,86,,14.1,12.1,1023.4,,1025.8,,0,,,,,8,4,,8,910,,,15.7,,,,,
188,성산,2020-11-16 10:00,15,,,9,3.4,,20,,83,,14.1,12.1,1023.7,,1026.2,,0,,,,,9,9,,8,1273,,,16.8,,,,,
188,성산,2020-11-16 11:00,15.8,,,9,2.9,,20,,78,,13.9,11.9,1023.2,,1025.6,,0,,,,,10,8,,4,1666,,,18.7,,,,,
188,성산,2020-11-16 12:00,16.9,,,9,2.9,,20,,74,,14.2,12.2,1022.5,,1024.9,,0.5,,,,,8,2,,4,1801,,,22.2,,,,,
188,성산,2020-11-16 13:00,17.2,,,9,2.8,,20,,75,,14.7,12.7,1021.7,,1024.1,,0,,,,,9,9,,4,1583,,,21.2,,,,,
188,성산,2020-11-16 14:00,17.8,,,9,2.7,,20,,74,,15,13,1021,,1023.4,,0,,,,,10,8,,6,1609,,,22.6,,,,,
188,성산,2020-11-16 15:00,17.6,,,9,1.5,,360,,76,,15.3,13.3,1021.1,,1023.5,,0,,,,,9,9,,4,1696,,,20.3,,,,,
188,성산,2020-11-16 16:00,17.5,,,9,1.8,,360,,80,,16,14,1020.9,,1023.3,,0,,,,,9,9,,4,1459,,,19.3,,,,,
188,성산,2020-11-16 17:00,17.3,,,9,1.8,,20,,83,,16.3,14.3,1021.1,,1023.5,,0,,,,,9,9,,3,892,,,18,,,,,
188,성산,2020-11-16 18:00,17.3,,,9,0.7,,320,,87,,17.2,15.1,1021.4,,1023.8,,0,,,,,9,9,,3,827,,,17.5,,,,,
188,성산,2020-11-16 19:00,17.4,,,9,1.2,,340,,87,,17.3,15.2,1021.6,,1024,,,9,,,,10,10,,3,717,,,17.3,,,,,
188,성산,2020-11-16 20:00,17.6,,,9,1.1,,340,,88,,17.6,15.5,1021.7,,1024.1,,,9,,,,8,8,,2,768,,,17.3,,,,,
188,성산,2020-11-16 21:00,18,,0,,2.1,,360,,89,,18.3,16.1,1021.6,,1024,,,9,,,,6,6,,2,539,,,17.3,,,,,
188,성산,2020-11-16 22:00,19.3,,,9,3.1,,50,,86,,19.1,16.8,1021.6,,1024,,,9,,,,7,5,,3,1159,,,17.9,,,,,
188,성산,2020-11-16 23:00,20,,,9,4.8,,110,,84,,19.6,17.2,1021.5,,1023.9,,,9,,,,6,6,,3,1250,,,18.3,,,,,
188,성산,2020-11-17 0:00,20.3,,,9,3.9,,110,,84,,20,17.5,1021.4,,1023.8,,,9,,,,6,2,,,1241,,,18,,,,,
188,성산,2020-11-17 1:00,19.4,,,,1.1,,200,,84,,18.9,16.6,1021.4,,1023.8,,,9,,,,6,4,,19,1521,,,16.9,,,,,
188,성산,2020-11-17 2:00,17.7,,,,0.8,,340,,88,,17.7,15.6,1021.4,,1023.8,,,9,,,,6,2,,19,1287,,,15.9,,,,,
188,성산,2020-11-17 3:00,17.2,,,,1.5,,320,,89,,17.4,15.3,1021.2,,1023.6,,,9,,,,5,3,,17,1460,,,15.2,,,,,
188,성산,2020-11-17 4:00,17.5,,,,1.6,,320,,89,,17.7,15.6,1021.2,,1023.6,,,9,,,,5,3,,17,1612,,,15.3,,,,,
188,성산,2020-11-17 5:00,16.8,,,,1.1,,290,,89,,16.9,14.9,1021.1,,1023.5,,,9,,,,5,5,,16,1495,,,15.6,,,,,
188,성산,2020-11-17 6:00,16.9,,,,1.1,,340,,91,,17.5,15.4,1021.3,,1023.7,,,9,,,,4,2,,16,1399,,,15.2,,,,,
188,성산,2020-11-17 7:00,16.3,,,,1.3,,340,,91,,16.8,14.8,1021.5,,1023.9,,,9,,,,4,2,,3,966,,,14.8,,,,,
188,성산,2020-11-17 8:00,20.5,,,,3,,110,,89,,21.4,18.6,1021.7,,1024.1,,0.2,,,,,4,,,,1690,,,18.1,,,,,
188,성산,2020-11-17 9:00,20.6,,,,2.6,,110,,84,,20.2,17.7,1022,,1024.4,,0.2,,,,,5,3,,4,1453,,,19,,,,,
188,성산,2020-11-17 10:00,20.7,,,9,2.9,,110,,85,,20.6,18,1022,,1024.4,,0,,,,,5,4,,4,984,,,20.2,,,,,
188,성산,2020-11-17 11:00,22.2,,,9,4.1,,140,,81,,21.6,18.7,1021.4,,1023.8,,0.8,,,,,7,5,,4,1676,,,26.8,,,,,
188,성산,2020-11-17 12:00,22.5,,3.8,,4,,140,,78,,21.2,18.4,1021,,1023.4,,1,,,,,5,2,,8,1807,,,27.8,,,,,
188,성산,2020-11-17 13:00,23.8,,,9,2.7,,160,,75,,22,19,1020.3,,1022.6,,0.9,,,,,6,2,,4,1819,,,30.1,,,,,
188,성산,2020-11-17 14:00,22.4,,,9,3,,160,,78,,21,18.3,1019.8,,1022.2,,0.3,,,,,5,3,,4,1833,,,25,,,,,
188,성산,2020-11-17 15:00,22.6,,,9,3.4,,160,,78,,21.3,18.5,1019.7,,1022.1,,0.8,,,,,4,4,,10,2000,,,22.9,,,,,
188,성산,2020-11-17 16:00,21.7,,,9,2.4,,160,,80,,20.6,18,1019.9,,1022.3,,0.6,,,,,6,2,,12,1733,,,20.9,,,,,
188,성산,2020-11-17 17:00,21.1,,,9,2,,160,,84,,20.9,18.2,1020,,1022.4,,0.2,,,,,6,2,,6,1099,,,19.9,,,,,
188,성산,2020-11-17 18:00,20.6,,,9,1.4,,180,,86,,20.8,18.1,1020.1,,1022.5,,0,,,,,4,4,,6,1173,,,18.9,,,,,
188,성산,2020-11-17 19:00,20.5,,,9,1.9,,180,,88,,21.2,18.4,1020,,1022.4,,,9,,,,5,0,,,1063,,,18.3,,,,,
188,성산,2020-11-17 20:00,19.8,,,9,1.4,,230,,89,,20.5,17.9,1020.4,,1022.8,,,9,,,,5,0,,,703,,,17.5,,,,,
188,성산,2020-11-17 21:00,20.2,,,9,1.1,,200,,90,,21.3,18.5,1020.5,,1022.9,,,9,,,,4,4,,5,1025,,,18.3,,,,,
188,성산,2020-11-17 22:00,20,,,9,1.9,,180,,89,,20.8,18.1,1020.4,,1022.8,,,9,,,,6,6,,5,655,,,18.1,,,,,
188,성산,2020-11-17 23:00,20.5,,,9,2.6,,180,,87,,20.9,18.2,1019.9,,1022.3,,,9,,,,4,0,,,1228,,,17.9,,,,,
188,성산,2020-11-18 0:00,20.3,,,9,2.3,,200,,87,,20.6,18,1019.7,,1022.1,,,9,,,,5,0,,,1075,,,17.8,,,,,
188,성산,2020-11-18 1:00,20.6,,,,2.4,,180,,86,,20.8,18.1,1019,,1021.4,,,9,,,,5,2,,5,1132,,,18.1,,,,,
188,성산,2020-11-18 2:00,20.9,,,,2.8,,160,,84,,20.6,18,1018.6,,1021,,,9,,,,7,2,,7,1083,,,18.5,,,,,
188,성산,2020-11-18 3:00,20.8,,,,2.6,,180,,81,,19.9,17.4,1018.4,,1020.8,,,9,,,,5,5,,6,1290,,,18.1,,,,,
188,성산,2020-11-18 4:00,20.9,,,,3.2,,180,,78,,19.2,16.9,1018.2,,1020.6,,,9,,,,7,4,,8,1293,,,18,,,,,
188,성산,2020-11-18 5:00,21.1,,,,4.3,,160,,76,,18.9,16.6,1017.4,,1019.8,,,9,,,,8,5,,7,1661,,,18,,,,,
188,성산,2020-11-18 6:00,20.9,,,,3.8,,160,,78,,19.2,16.9,1017.4,,1019.8,,,9,,,,7,1,,7,1252,,,18,,,,,
188,성산,2020-11-18 7:00,21,,,,3,,180,,80,,19.9,17.4,1017.6,,1020,,,9,,,,8,6,,17,940,,,18.6,,,,,
188,성산,2020-11-18 8:00,21.3,,,,4.5,,160,,80,,20.2,17.7,1017.6,,1020,,0,,,,,9,3,,7,1216,,,19.3,,,,,
188,성산,2020-11-18 9:00,21.5,,,,4.4,,160,,78,,19.9,17.4,1017.7,,1020.1,,0,,,,,10,1,,23,1159,,,20.3,,,,,
188,성산,2020-11-18 10:00,22.1,,,,4.4,,160,,78,,20.6,18,1017.5,,1019.9,,0,,,,,9,9,,23,1133,,,22.3,,,,,
188,성산,2020-11-18 11:00,22.3,,,,4.7,,160,,77,,20.6,18,1016.5,,1018.9,,0.4,,,,,9,3,,17,1071,,,23.9,,,,,
188,성산,2020-11-18 12:00,22.9,,,,5.4,,160,,74,,20.6,18,1015.5,,1017.9,,0.5,,,,,9,0,,,1354,,,25.9,,,,,
188,성산,2020-11-18 13:00,22.3,,,,4,,180,,77,,20.6,18,1014.8,,1017.2,,0.4,,,,,9,3,,12,811,,,23.7,,,,,
188,성산,2020-11-18 14:00,22.2,,,,3.8,,180,,80,,21.3,18.5,1014.3,,1016.7,,0,,,,,9,6,,5,827,,,23.1,,,,,
188,성산,2020-11-18 15:00,22.3,,,,4.1,,180,,77,,20.6,18,1014,,1016.4,,0.1,,,,,10,3,,11,1031,,,23,,,,,
188,성산,2020-11-18 16:00,21.9,,,,3.2,,180,,82,,21.4,18.6,1013.8,,1016.2,,0,,,,,9,7,,9,870,,,22,,,,,
188,성산,2020-11-18 17:00,21.8,,,,3.3,,160,,83,,21.6,18.7,1013.6,,1016,,0,,,,,10,7,,8,647,,,21.2,,,,,
188,성산,2020-11-18 18:00,21.9,,,,3.7,,160,,83,,21.7,18.8,1013.4,,1015.8,,0,,,,,9,3,,7,696,,,20.7,,,,,
188,성산,2020-11-18 19:00,21.7,,,,3.9,,180,,84,,21.7,18.8,1013.1,,1015.5,,,9,,,,8,3,,6,907,,,20.4,,,,,
188,성산,2020-11-18 20:00,21.5,,,,4.4,,180,,85,,21.7,18.8,1013.1,,1015.5,,,9,,,,6,5,,11,783,,,20,,,,,
188,성산,2020-11-18 21:00,21.5,,,,5.8,,180,,86,,22,19,1012.5,,1014.9,,,9,,,,8,8,,6,793,,,20.4,,,,,
188,성산,2020-11-18 22:00,21.5,,,,6,,200,,84,,21.4,18.6,1012.2,,1014.6,,,9,,,,8,0,,,1013,,,19.9,,,,,
188,성산,2020-11-18 23:00,21.7,,,,6.2,,180,,84,,21.7,18.8,1011.6,,1014,,,9,,,,10,2,,4,848,,,20.2,,,,,
188,성산,2020-11-19 0:00,21.8,,,,6.4,,180,,84,,21.8,18.9,1011.1,,1013.5,,,9,,,,10,1,,9,896,,,20.2,,,,,
188,성산,2020-11-19 1:00,21.9,,,,7.2,,200,,82,,21.4,18.6,1010.9,,1013.3,,,9,,,,10,1,,9,972,,,20.1,,,,,
188,성산,2020-11-19 2:00,21.7,,,,7.9,,200,,84,,21.7,18.8,1010.5,,1012.9,,,9,,,,10,1,,4,962,,,20.2,,,,,
188,성산,2020-11-19 3:00,21.2,,,,5.6,,200,,88,,22.1,19.1,1010.1,,1012.5,,,9,,,,9,7,,2,812,,,20.4,,,,,
188,성산,2020-11-19 4:00,21.6,,,,4.9,,200,,88,,22.7,19.5,1009.5,,1011.9,,,9,,,,8,5,,2,470,,,20.6,,,,,
188,성산,2020-11-19 5:00,21.6,,,,4.8,,200,,88,,22.7,19.5,1009.5,,1011.9,,,9,,,,8,8,,2,739,,,20.6,,,,,
188,성산,2020-11-19 6:00,21.9,,,,4.9,,200,,86,,22.5,19.4,1009.6,,1011.9,,,9,,,,8,5,,3,962,,,20.6,,,,,
188,성산,2020-11-19 7:00,21.7,,,,5.2,,200,,89,,23.1,19.8,1009.5,,1011.9,,,9,,,,6,6,,2,593,,,20.9,,,,,
188,성산,2020-11-19 8:00,21.8,,,,5.9,,200,,89,,23.1,19.8,1009.3,,1011.7,,0,,,,,7,7,,2,602,,,21.1,,,,,
188,성산,2020-11-19 9:00,21.9,,,,5.2,,180,,88,,23.1,19.8,1009.4,,1011.7,,0,,,,,6,6,,2,556,,,21.4,,,,,
188,성산,2020-11-19 10:00,22.2,,,9,5.6,,200,,89,,23.7,20.2,1008.9,,1011.2,,0,,,,,8,8,,2,336,,,21.9,,,,,
188,성산,2020-11-19 11:00,22.8,,,9,5.3,,200,,86,,23.8,20.3,1008.1,,1010.4,,0,,,,,7,7,,2,756,,,24,,,,,
188,성산,2020-11-19 12:00,22.7,,0.3,,5.6,,200,,87,,24,20.4,1007,,1009.3,,0,,,,,8,8,,2,832,,,24.1,,,,,
188,성산,2020-11-19 13:00,22.6,,,9,7,,230,,86,,23.5,20.1,1006.7,,1009,,0,,,,,9,9,,2,971,,,23.2,,,,,
188,성산,2020-11-19 14:00,23,,,9,5.1,,230,,82,,22.9,19.7,1006.3,,1008.6,,0.1,,,,,7,7,,3,967,,,24,,,,,
188,성산,2020-11-19 15:00,23.6,,0,,3.6,,250,,74,,21.4,18.6,1006.4,,1008.7,,0.3,,,,,6,6,,4,1533,,,23.8,,,,,
188,성산,2020-11-19 16:00,19.1,,,9,5.2,,290,,78,,17.2,15.1,1007.3,,1009.7,,0,,,,,8,8,,4,2000,,,19.2,,,,,
188,성산,2020-11-19 17:00,18.4,,,9,5,,320,,76,,16,14,1007.6,,1010,,0,,,,,5,5,,10,2000,,,17.9,,,,,
188,성산,2020-11-19 18:00,17,,,9,4.7,,320,,79,,15.3,13.3,1008.3,,1010.7,,0,,,,,9,8,,4,869,,,16.6,,,,,
188,성산,2020-11-19 19:00,16.5,,,9,3.4,,320,,78,,14.6,12.6,1009.3,,1011.7,,,9,,,,9,2,,6,1181,,,15.3,,,,,
188,성산,2020-11-19 20:00,16.2,,,9,3.3,,320,,76,,13.9,11.9,1009.5,,1011.9,,,9,,,,5,0,,,1464,,,14.7,,,,,
188,성산,2020-11-19 21:00,16,,,9,2.9,,340,,77,,13.9,11.9,1009.9,,1012.3,,,9,,,,8,0,,,1555,,,14.4,,,,,
188,성산,2020-11-19 22:00,15.3,,,9,3,,340,,77,,13.3,11.2,1010.3,,1012.7,,,9,,,,6,1,,6,2000,,,13.9,,,,,
188,성산,2020-11-19 23:00,15.3,,,9,3,,340,,73,,12.6,10.4,1011.1,,1013.5,,,9,,,,8,1,,7,2000,,,13.8,,,,,
188,성산,2020-11-20 0:00,15.1,,,9,2.9,,290,,72,,12.3,10,1011.6,,1014,,,9,,,,7,6,,7,2000,,,13.6,,,,,
189,서귀포,2020-11-14 1:00,14.7,,,,2.3,,360,,41,,6.8,1.5,1020.2,,1026.4,,,9,,,,0,0,,,2000,,,12.9,,,,,
189,서귀포,2020-11-14 2:00,15.8,,,,1,,20,,38,,6.8,1.4,1020.6,,1026.8,,,9,,,,0,0,,,2000,,,11.6,,,,,
189,서귀포,2020-11-14 3:00,15.7,,,,1.4,,50,,41,,7.3,2.4,1020.6,,1026.8,,,9,,,,0,0,,,2000,,,13,,,,,
189,서귀포,2020-11-14 4:00,16.2,,,,1.9,,20,,59,,10.8,8.1,1020.5,,1026.7,,,9,,,,0,0,,,2000,,,14,,,,,
189,서귀포,2020-11-14 5:00,16.2,,,,2.6,,20,,72,,13.2,11.1,1020.4,,1026.6,,,9,,,,0,0,,,1715,,,14.6,,,,,
189,서귀포,2020-11-14 6:00,15.9,,,,2.3,,20,,73,,13.1,11,1020.6,,1026.8,,,9,,,,2,2,Sc,10,1640,,,14.4,,,,,
189,서귀포,2020-11-14 7:00,16,,,,2.1,,20,,82,,14.9,12.9,1021.1,,1027.3,,,9,,,,5,5,Sc,10,1163,,,15,,,,,
189,서귀포,2020-11-14 8:00,16.3,,,,1.7,,20,,84,,15.5,13.5,1021.7,,1027.9,,0.2,,,,,6,6,Sc,13,1056,,,16.5,,,,,
189,서귀포,2020-11-14 9:00,17,,,,1.8,,20,,81,,15.7,13.7,1022.4,,1028.6,,0.5,,,,,3,3,Sc,12,1183,,,17.4,,,,,
189,서귀포,2020-11-14 10:00,18.3,,,,1.8,,50,,71,,14.9,12.9,1022.5,,1028.6,,0.7,,,,,4,4,Sc,12,1493,,,21.1,,,,,
189,서귀포,2020-11-14 11:00,19.4,,,,2.9,,50,,59,,13.2,11.1,1022.3,,1028.4,,0.8,,,,,8,8,Sc,10,1927,,,24.8,,,,,
189,서귀포,2020-11-14 12:00,20.8,,,,1.7,,50,,55,,13.5,11.4,1021.6,,1027.7,,0.6,,,,,4,4,Sc,12,2000,,,32.4,,,,,
189,서귀포,2020-11-14 13:00,20.6,,,,2.2,,70,,53,,12.8,10.6,1020.8,,1026.9,,1,,,,,1,1,Sc,12,2000,,,31.2,,,,,
189,서귀포,2020-11-14 14:00,20.2,,,,2.2,,50,,53,,12.5,10.3,1020.5,,1026.6,,1,,,,,1,1,Sc,10,2000,,,28.4,,,,,
189,서귀포,2020-11-14 15:00,19.8,,,,2.4,,50,,54,,12.4,10.2,1020.2,,1026.3,,1,,,,,0,0,,,2000,,,20.4,,,,,
189,서귀포,2020-11-14 16:00,18.9,,,,1.9,,70,,55,,11.9,9.6,1020.7,,1026.8,,1,,,,,0,0,,,2000,,,19.6,,,,,
189,서귀포,2020-11-14 17:00,17.9,,,,2.5,,70,,52,,10.6,7.8,1020.9,,1027,,1,,,,,0,0,,,2000,,,17,,,,,
189,서귀포,2020-11-14 18:00,16.2,,,,2,,50,,60,,11,8.4,1021.3,,1027.5,,0.2,,,,,0,0,,,2000,,,14.9,,,,,
189,서귀포,2020-11-14 19:00,15.8,,,,1.8,,20,,70,,12.5,10.3,1021.5,,1027.7,,,9,,,,9,0,,,1987,,,14.1,,,,,
189,서귀포,2020-11-14 20:00,16.3,,,,1.6,,20,,68,,12.5,10.3,1021.7,,1027.9,,,9,,,,10,4,,13,2000,,,15.4,,,,,
189,서귀포,2020-11-14 21:00,16.7,,,,1.5,,360,,65,,12.3,10,1021.5,,1027.7,,,9,,,,4,4,Sc,12,2000,,,15.1,,,,,
189,서귀포,2020-11-14 22:00,16.4,,,,1.1,,360,,67,,12.4,10.2,1021.2,,1027.4,,,9,,,,,1,,13,1987,,,14.8,,,,,
189,서귀포,2020-11-14 23:00,16.8,,,,1.7,,20,,77,,14.7,12.7,1021.2,,1027.4,,,9,,,,9,6,,10,1975,,,15.4,,,,,
189,서귀포,2020-11-15 0:00,16.3,,,,1.7,,20,,80,,14.8,12.8,1020.8,,1027,,,9,,,,3,3,Sc,12,2000,,,14.5,,,,,
189,서귀포,2020-11-15 1:00,16,,,,1.6,,20,,80,,14.5,12.5,1020.8,,1027,,,9,,,,10,0,,,2000,,,14,,,,,
189,서귀포,2020-11-15 2:00,15.6,,,,1.6,,20,,80,,14.1,12.1,1020.8,,1027,,,9,,,,8,1,,,2000,,,13.8,,,,,
189,서귀포,2020-11-15 3:00,15.4,,,,1.5,,20,,77,,13.4,11.3,1020.5,,1026.7,,,9,,,,0,0,,,2000,,,13.6,,,,,
189,서귀포,2020-11-15 4:00,15,,,,1.2,,20,,76,,12.9,10.7,1020.3,,1026.6,,,9,,,,0,0,,,2000,,,13,,,,,
189,서귀포,2020-11-15 5:00,14.4,,,,1.6,,360,,76,,12.4,10.2,1020.6,,1026.8,,,9,,,,0,0,,,2000,,,12.9,,,,,
189,서귀포,2020-11-15 6:00,14.5,,,,1.5,,20,,74,,12.2,9.9,1020.5,,1026.7,,,9,,,,0,0,,,2000,,,12.7,,,,,
189,서귀포,2020-11-15 7:00,14.7,,,,1.8,,20,,78,,12.9,10.8,1020.4,,1026.6,,,9,,,,0,0,,,2000,,,13.1,,,,,
189,서귀포,2020-11-15 8:00,15.4,,,,1.4,,20,,78,,13.6,11.5,1021,,1027.2,,0.4,,,,,0,0,,,2000,,,14.3,,,,,
189,서귀포,2020-11-15 9:00,16.8,,,,1.8,,20,,81,,15.5,13.5,1021.6,,1027.8,,1,,,,,0,0,,,2000,,,16.8,,,,,
189,서귀포,2020-11-15 10:00,18.7,,,,1.8,,50,,75,,16.1,14.1,1021.7,,1027.8,,1,,,,,0,0,,,2000,,,27.6,,,,,
189,서귀포,2020-11-15 11:00,19.2,,,,2.7,,70,,74,,16.4,14.4,1021.4,,1027.5,,1,,,,,0,0,,,2000,,,29.9,,,,,
189,서귀포,2020-11-15 12:00,20.2,,,,1.1,,70,,70,,16.5,14.5,1020.9,,1027,,1,,,,,3,3,Sc,10,2000,,,30,,,,,
189,서귀포,2020-11-15 13:00,20.5,,,,1.1,,160,,69,,16.6,14.6,1019.9,,1026,,0.7,,,,,7,7,Ac,38,2000,,,31.2,,,,,
189,서귀포,2020-11-15 14:00,18.6,,,,1.7,,70,,78,,16.6,14.6,1019.6,,1025.7,,0.2,,,,,10,4,ScAs,12,2000,,,20.8,,,,,
189,서귀포,2020-11-15 15:00,17.9,,,,1.5,,70,,80,,16.3,14.3,1019.5,,1025.6,,0,,,,,10,4,ScAs,13,2000,,,19.2,,,,,
189,서귀포,2020-11-15 16:00,17.7,,,,1.8,,70,,80,,16.1,14.1,1019.5,,1025.6,,0,,,,,6,6,ScAs,12,2000,,,18.7,,,,,
189,서귀포,2020-11-15 17:00,17.6,,,,1.6,,50,,80,,16.1,14.1,1019.4,,1025.6,,0,,,,,10,5,ScAs,11,2000,,,17.8,,,,,
189,서귀포,2020-11-15 18:00,17.5,,,,1.9,,70,,82,,16.3,14.3,1019.4,,1025.6,,0,,,,,10,4,ScAs,10,2000,,,17.3,,,,,
189,서귀포,2020-11-15 19:00,17.5,,,,2.1,,50,,83,,16.5,14.5,1019.4,,1025.6,,,9,,,,9,9,,13,2000,,,17.3,,,,,
189,서귀포,2020-11-15 20:00,17.5,,,,1.5,,50,,83,,16.5,14.5,1019.4,,1025.6,,,9,,,,10,10,,13,2000,,,17.3,,,,,
189,서귀포,2020-11-15 21:00,17.5,,,,1.8,,50,,85,,16.9,14.9,1019.3,,1025.5,,,9,,,,10,8,ScAs,10,1904,,,16.4,,,,,
189,서귀포,2020-11-15 22:00,17.1,,,9,1.7,,50,,90,,17.5,15.4,1019.3,,1025.5,,,9,,,,10,8,ScAs,10,1833,,1,15.9,,,,,
189,서귀포,2020-11-15 23:00,17.5,,,9,1.2,,20,,87,,17.4,15.3,1019.2,,1025.4,,,9,,,,6,5,,12,2000,,,17,,,,,
189,서귀포,2020-11-16 0:00,17.5,,0,,1.4,,50,,92,,18.3,16.1,1018.8,,1025,,,9,,,,10,8,StNs,8,1100,,1,16.1,,,,,
189,서귀포,2020-11-16 1:00,17.2,,,9,1.1,,50,,98,,19.1,16.8,1018.2,,1024.4,,,9,,,,10,7,StNs,6,545,,1901,16.3,,,,,
189,서귀포,2020-11-16 2:00,17.8,,,9,0.7,,50,,94,,19.1,16.8,1018,,1024.1,,,9,,,,4,4,ScAs,8,1861,,1901,16.6,,,,,
189,서귀포,2020-11-16 3:00,18.1,,0.3,,0.9,,20,,94,,19.5,17.1,1017.3,,1023.4,,,9,,,,10,4,ScAs,10,1941,,1,16.8,,,,,
189,서귀포,2020-11-16 4:00,17.9,,,9,0.5,,20,,95,,19.4,17,1017.4,,1023.5,,,9,,,,10,8,ScAs,8,1782,,1,16.6,,,,,
189,서귀포,2020-11-16 5:00,17.5,,,9,0.9,,50,,99,,19.7,17.3,1017.4,,1023.5,,,9,,,,10,8,StNs,6,1045,,1,16.7,,,,,
189,서귀포,2020-11-16 6:00,17.4,,0.4,,0.3,,0,,99,,19.6,17.2,1017.5,,1023.6,,,9,,,,10,8,StNs,6,615,,1901,16.7,,,,,
189,서귀포,2020-11-16 7:00,17.4,,,9,0.2,,0,,99,,19.6,17.2,1017.6,,1023.7,,,9,,,,10,7,ScAs,8,900,,1901,16.7,,,,,
189,서귀포,2020-11-16 8:00,17.6,,,9,0,,0,,99,,19.9,17.4,1018.2,,1024.3,,0,,,,,10,8,StNs,6,768,,1901,16.9,,,,,
189,서귀포,2020-11-16 9:00,17.6,,0.2,,0.1,,0,,99,,19.9,17.4,1018.7,,1024.8,,0,,,,,10,8,StNs,6,858,,1901,17.5,,,,,
189,서귀포,2020-11-16 10:00,17.9,,,9,0.8,,200,,99,,20.2,17.7,1019.1,,1025.2,,0,,,,,10,9,StNs,7,881,,1901,18.6,,,,,
189,서귀포,2020-11-16 11:00,18.1,,,9,0.6,,250,,99,,20.5,17.9,1018.9,,1025,,0,,,,,10,7,ScAs,8,860,,1901,20.2,,,,,
189,서귀포,2020-11-16 12:00,18.9,,0,,0.6,,230,,92,,20,17.5,1018.2,,1024.3,,0.1,,,,,9,9,Sc,8,1763,,19,23.7,,,,,
189,서귀포,2020-11-16 13:00,19.4,,,9,0.7,,160,,87,,19.5,17.1,1017.3,,1023.4,,0.3,,,,,9,9,Sc,8,1579,,,25.5,,,,,
189,서귀포,2020-11-16 14:00,18.4,,,9,0.5,,50,,87,,18.3,16.1,1017,,1023.1,,0,,,,,9,9,Sc,7,1658,,,21.4,,,,,
189,서귀포,2020-11-16 15:00,18.6,,,9,0.7,,70,,87,,18.5,16.3,1016.9,,1023,,0,,,,,9,9,Sc,7,1786,,,21.3,,,,,
189,서귀포,2020-11-16 16:00,19.7,,,9,1.2,,50,,83,,19,16.7,1016.7,,1022.8,,0.7,,,,,6,6,Sc,8,1540,,,21.5,,,,,
189,서귀포,2020-11-16 17:00,18.5,,,9,0.7,,50,,88,,18.6,16.4,1017,,1023.1,,0.3,,,,,9,9,Sc,7,1123,,,18.9,,,,,
189,서귀포,2020-11-16 18:00,17.9,,,9,1.8,,50,,95,,19.4,17,1017.5,,1023.6,,0,,,,,9,9,Sc,8,749,,19,17.8,,,,,
189,서귀포,2020-11-16 19:00,18,,,9,1.4,,20,,93,,19.1,16.8,1017.5,,1023.6,,,9,,,,9,1,,8,950,,19,16.7,,,,,
189,서귀포,2020-11-16 20:00,17.8,,,9,1.4,,20,,92,,18.6,16.4,1017.7,,1023.8,,,9,,,,8,0,,,1262,,19,16.6,,,,,
189,서귀포,2020-11-16 21:00,18.2,,,9,1.4,,20,,90,,18.8,16.5,1017.8,,1023.9,,,9,,,,0,0,,,1449,,,16.4,,,,,
189,서귀포,2020-11-16 22:00,18.4,,,9,1.5,,20,,88,,18.5,16.3,1018,,1024.1,,,9,,,,6,0,,,1725,,,16.7,,,,,
189,서귀포,2020-11-16 23:00,18.2,,,9,1.4,,20,,91,,19,16.7,1017.8,,1023.9,,,9,,,,7,2,,18,1383,,,16.7,,,,,
189,서귀포,2020-11-17 0:00,18.3,,,9,1.4,,20,,90,,18.9,16.6,1017.7,,1023.8,,,9,,,,9,9,Sc,12,1540,,,17.7,,,,,
189,서귀포,2020-11-17 1:00,18.5,,,,1.3,,20,,93,,19.7,17.3,1017.6,,1023.7,,,9,,,,7,1,,20,1597,,,17.6,,,,,
189,서귀포,2020-11-17 2:00,18.5,,,,1,,20,,93,,19.7,17.3,1017.6,,1023.7,,,9,,,,6,5,,19,1540,,,17.4,,,,,
189,서귀포,2020-11-17 3:00,18,,,,1.5,,20,,98,,20.1,17.6,1017.3,,1023.4,,,9,,,,3,3,Sc,12,1364,,,16.5,,,,,
189,서귀포,2020-11-17 4:00,18,,,,1.6,,360,,93,,19.1,16.8,1017.3,,1023.4,,,9,,,,6,6,Sc,13,1987,,,16.9,,,,,
189,서귀포,2020-11-17 5:00,18.2,,,,1.6,,360,,88,,18.3,16.1,1017.2,,1023.3,,,9,,,,1,1,Sc,12,2000,,,17.1,,,,,
189,서귀포,2020-11-17 6:00,18.2,,,,1.9,,360,,83,,17.3,15.2,1017.4,,1023.5,,,9,,,,7,7,Sc,13,2000,,,17.2,,,,,
189,서귀포,2020-11-17 7:00,18.4,,,,1.5,,360,,80,,16.8,14.8,1017.6,,1023.7,,,9,,,,1,1,Sc,12,2000,,,17,,,,,
189,서귀포,2020-11-17 8:00,18.6,,,,1.7,,360,,79,,16.8,14.8,1017.9,,1024,,0.2,,,,,5,5,Sc,10,2000,,,18.3,,,,,
189,서귀포,2020-11-17 9:00,20.7,,,,1.1,,20,,85,,20.6,18,1018.2,,1024.3,,0.5,,,,,4,4,Sc,10,2000,,,21.2,,,,,
189,서귀포,2020-11-17 10:00,22.6,,,,1,,50,,85,,23.2,19.9,1018.1,,1024.1,,0.7,,,,,5,5,Sc,8,2000,,,31.7,,,,,
189,서귀포,2020-11-17 11:00,22.5,,,,1.1,,160,,86,,23.4,20,1017.6,,1023.6,,0.7,,,,,6,6,Sc,8,2000,,,31,,,,,
189,서귀포,2020-11-17 12:00,22.7,,,,1.5,,160,,89,,24.4,20.7,1017.3,,1023.3,,1,,,,,6,3,ScAc,10,2000,,,34.1,,,,,
189,서귀포,2020-11-17 13:00,22.4,,,,1.6,,160,,90,,24.3,20.6,1016.6,,1022.6,,0.6,,,,,7,4,ScAc,8,2000,,,32.5,,,,,
189,서귀포,2020-11-17 14:00,22.6,,,,1.2,,180,,89,,24.3,20.6,1016,,1022,,0.5,,,,,8,8,Sc,8,2000,,,29.9,,,,,
189,서귀포,2020-11-17 15:00,22.6,,,,0.9,,160,,90,,24.6,20.8,1015.9,,1021.9,,0.3,,,,,8,8,Sc,8,2000,,,27.8,,,,,
189,서귀포,2020-11-17 16:00,22.6,,,,0.5,,70,,90,,24.6,20.8,1016.1,,1022.1,,0.7,,,,,7,7,Sc,7,2000,,,25.3,,,,,
189,서귀포,2020-11-17 17:00,21.8,,,,0.9,,70,,91,,23.7,20.2,1016.3,,1022.3,,0.1,,,,,7,7,Sc,7,2000,,,22.4,,,,,
189,서귀포,2020-11-17 18:00,21.4,,,,0.9,,50,,95,,24.1,20.5,1016.4,,1022.5,,0,,,,,4,2,ScCi,8,1854,,,20.3,,,,,
189,서귀포,2020-11-17 19:00,21.4,,,,1.2,,20,,96,,24.4,20.7,1016.5,,1022.6,,,9,,,,6,4,,5,1377,,,20.5,,,,,
189,서귀포,2020-11-17 20:00,21.2,,,,0.7,,50,,96,,24.1,20.5,1016.6,,1022.7,,,9,,,,4,4,,5,1816,,,19,,,,,
189,서귀포,2020-11-17 21:00,21.3,,,,0.9,,20,,95,,24,20.4,1016.8,,1022.9,,,9,,,,8,8,Sc,8,1821,,,19.9,,,,,
189,서귀포,2020-11-17 22:00,21.3,,,,1,,70,,96,,24.3,20.6,1016.9,,1023,,,9,,,,6,6,,4,1888,,,20.4,,,,,
189,서귀포,2020-11-17 23:00,21,,,,1.4,,50,,97,,24,20.4,1016.5,,1022.6,,,9,,,,6,4,,5,1727,,,19.3,,,,,
189,서귀포,2020-11-18 0:00,21.1,,,,1.2,,20,,95,,23.7,20.2,1016.1,,1022.2,,,9,,,,9,9,Sc,8,1852,,,20.5,,,,,
189,서귀포,2020-11-18 1:00,21.2,,,,0.9,,50,,97,,24.3,20.6,1015.3,,1021.4,,,9,,,,8,8,,5,1735,,,20.7,,,,,
189,서귀포,2020-11-18 2:00,21.2,,,,0.6,,50,,93,,23.4,20,1015.1,,1021.2,,,9,,,,7,7,,6,1890,,,20.6,,,,,
189,서귀포,2020-11-18 3:00,21,,,,0.2,,0,,94,,23.2,19.9,1014.9,,1021,,,9,,,,8,8,Sc,8,1588,,,19.3,,,,,
189,서귀포,2020-11-18 4:00,21.1,,,,1.2,,180,,95,,23.7,20.2,1014.4,,1020.5,,,9,,,,7,7,Sc,8,1160,,,20,,,,,
189,서귀포,2020-11-18 5:00,20.9,,,,0.8,,200,,90,,22.1,19.1,1013.9,,1020,,,9,,,,6,0,Ci,,648,,19,18.6,,,,,
189,서귀포,2020-11-18 6:00,21.1,,,,1.4,,180,,91,,22.7,19.5,1014,,1020.1,,,9,,,,9,8,ScCi,10,1653,,19,20.2,,,,,
189,서귀포,2020-11-18 7:00,21.2,,,,0.8,,180,,92,,23.1,19.8,1014,,1020,,,9,,,,10,8,ScAs,10,1649,,,20.3,,,,,
189,서귀포,2020-11-18 8:00,21.3,,,,1.3,,180,,93,,23.5,20.1,1013.9,,1019.9,,0,,,,,9,6,ScAc,10,1500,,,21.2,,,,,
189,서귀포,2020-11-18 9:00,21.9,,,,1.9,,180,,91,,23.8,20.3,1014.1,,1020.1,,0.2,,,,,9,4,ScAc,10,1329,,,24.6,,,,,
189,서귀포,2020-11-18 10:00,21.9,,,,3.9,,180,,92,,24.1,20.5,1014,,1020,,0,,,,,10,5,ScAs,10,1267,,,23.7,,,,,
189,서귀포,2020-11-18 11:00,22.6,,,,2.3,,180,,87,,23.8,20.3,1012.9,,1018.9,,0.2,,,,,8,2,ScAc,10,1676,,,28.3,,,,,
189,서귀포,2020-11-18 12:00,22.3,,,,1.2,,160,,90,,24.1,20.5,1012.4,,1018.4,,0,,,,,8,3,ScAc,10,1613,,,27.8,,,,,
189,서귀포,2020-11-18 13:00,22.2,,,,1.3,,180,,93,,24.9,21,1011.7,,1017.7,,0,,,,,10,4,ScAs,10,1246,,,25.6,,,,,
189,서귀포,2020-11-18 14:00,22.8,,,,2,,180,,91,,25.2,21.2,1011,,1017,,0,,,,,8,8,Ac,40,1221,,,27.9,,,,,
189,서귀포,2020-11-18 15:00,22.3,,,,2.8,,180,,93,,25,21.1,1010.8,,1016.8,,0.2,,,,,10,3,ScAs,10,1216,,,23.9,,,,,
189,서귀포,2020-11-18 16:00,22.3,,,,2.4,,180,,91,,24.4,20.7,1010.4,,1016.4,,0,,,,,10,5,ScAs,9,1429,,,24.1,,,,,
189,서귀포,2020-11-18 17:00,22,,,,1.7,,180,,94,,24.7,20.9,1010.2,,1016.2,,0,,,,,10,7,ScAs,9,1252,,,22.4,,,,,
189,서귀포,2020-11-18 18:00,21.8,,,,1.4,,180,,97,,25.2,21.2,1010.1,,1016.1,,0,,,,,10,4,ScAs,11,938,,19,21.5,,,,,
189,서귀포,2020-11-18 19:00,21.6,,,,2.1,,180,,99,,25.5,21.4,1010.1,,1016.1,,,9,,,,7,1,,3,851,,19,21.3,,,,,
189,서귀포,2020-11-18 20:00,21.5,,,,0.9,,180,,99,,25.3,21.3,1010.3,,1016.3,,,9,,,,7,4,,7,963,,19,20.9,,,,,
189,서귀포,2020-11-18 21:00,21.7,,,,0.8,,180,,98,,25.3,21.3,1009.8,,1015.8,,,9,,,,10,7,ScAs,6,1253,,19,21.3,,,,,
189,서귀포,2020-11-18 22:00,21.5,,,,2.7,,180,,97,,24.7,20.9,1009.8,,1015.8,,,9,,,,8,7,,8,1450,,,21.2,,,,,
189,서귀포,2020-11-18 23:00,21.8,,,,2.4,,200,,96,,25,21.1,1009.1,,1015.1,,,9,,,,10,10,,5,1312,,,21.4,,,,,
189,서귀포,2020-11-19 0:00,21.7,,,,2.3,,200,,97,,25,21.1,1008.9,,1014.9,,,9,,,,10,6,ScAs,7,1183,,,20.9,,,,,
189,서귀포,2020-11-19 1:00,21.7,,,,3.6,,200,,97,,25,21.1,1008.6,,1014.6,,,9,,,,8,7,,6,1079,,,21.3,,,,,
189,서귀포,2020-11-19 2:00,21.5,,,,2.9,,200,,99,,25.3,21.3,1008.1,,1014.1,,,9,,,,8,7,,3,1133,,,21.1,,,,,
189,서귀포,2020-11-19 3:00,21.2,,,,1.5,,230,,99,,24.9,21,1007.3,,1013.3,,,9,,,,10,8,ScAs,6,1058,,,20.8,,,,,
189,서귀포,2020-11-19 4:00,21.5,,,,1.4,,270,,99,,25.3,21.3,1006.9,,1012.9,,,9,,,,10,8,ScAs,6,1364,,,21.1,,,,,
189,서귀포,2020-11-19 5:00,21.5,,,,1.8,,250,,99,,25.3,21.3,1006.6,,1012.6,,,9,,,,10,7,ScAs,6,1024,,,21.2,,,,,
189,서귀포,2020-11-19 6:00,21.8,,,,3.1,,230,,99,,25.8,21.6,1006.5,,1012.5,,,9,,,,10,8,ScAs,6,961,,19,21.5,,,,,
189,서귀포,2020-11-19 7:00,21.7,,,9,3.2,,200,,99,,25.6,21.5,1006.3,,1012.3,,,9,,,,10,8,StNs,4,670,,1901,21.2,,,,,
189,서귀포,2020-11-19 8:00,21.7,,,9,3.5,,200,,99,,25.6,21.5,1006,,1012,,0,,,,,10,8,ScAs,8,657,,1901,22,,,,,
189,서귀포,2020-11-19 9:00,21.9,,0,,5.2,,180,,99,,26,21.7,1005.6,,1011.6,,0,,,,,10,8,StNs,5,682,,1901,21.7,,,,,
189,서귀포,2020-11-19 10:00,21.6,,,9,4.7,,200,,99,,25.5,21.4,1005.5,,1011.5,,0,,,,,10,8,StNs,5,309,,1901,21.6,,,,,
189,서귀포,2020-11-19 11:00,21.6,,,9,5.5,,200,,99,,25.5,21.4,1004.9,,1010.9,,0,,,,,10,6,StNs,6,489,,1901,21.8,,,,,
189,서귀포,2020-11-19 12:00,21.7,,2.2,,5.6,,230,,99,,25.6,21.5,1004,,1010,,0,,,,,10,6,ScAs,9,669,,1901,22.7,,,,,
189,서귀포,2020-11-19 13:00,21.9,,,9,4,,230,,99,,26,21.7,1003.4,,1009.4,,0,,,,,10,6,ScAs,9,749,,19,22.7,,,,,
189,서귀포,2020-11-19 14:00,21.2,,,9,4.5,,230,,99,,24.9,21,1003,,1009,,0,,,,,10,7,ScAs,10,400,,19,21.3,,,,,
189,서귀포,2020-11-19 15:00,20.8,,0.1,,2,,270,,99,,24.3,20.6,1002.7,,1008.7,,0,,,,,10,5,ScAs,10,540,,1901,21.4,,,,,
189,서귀포,2020-11-19 16:00,21.3,,,9,1.5,,270,,79,,20,17.5,1002.4,,1008.4,,0,,,,,10,3,ScAs,9,2000,,19,21.2,,,,,
189,서귀포,2020-11-19 17:00,21.3,,,9,2.2,,250,,75,,18.9,16.6,1002.7,,1008.7,,0.2,,,,,3,3,Sc,10,2000,,,19.4,,,,,
189,서귀포,2020-11-19 18:00,19.9,,,9,1.7,,250,,81,,18.8,16.5,1003,,1009,,0.1,,,,,3,3,Sc,10,2000,,,17.5,,,,,
189,서귀포,2020-11-19 19:00,18.9,,,9,1.7,,20,,88,,19.1,16.8,1004.2,,1010.2,,,9,,,,8,0,,,1787,,,17.7,,,,,
189,서귀포,2020-11-19 20:00,18.2,,,9,2,,20,,88,,18.3,16.1,1004.8,,1010.8,,,9,,,,4,0,,,2000,,,17,,,,,
189,서귀포,2020-11-19 21:00,17.6,,,9,1.2,,50,,88,,17.6,15.5,1005.4,,1011.5,,,9,,,,3,3,Sc,10,1746,,,15.9,,,,,
189,서귀포,2020-11-19 22:00,17.4,,,9,0.2,,0,,85,,16.8,14.8,1005.5,,1011.6,,,9,,,,7,0,,,1876,,,14.5,,,,,
189,서귀포,2020-11-19 23:00,17.7,,,9,2.2,,180,,82,,16.5,14.5,1006.1,,1012.2,,,9,,,,9,0,,,2000,,,16.4,,,,,
189,서귀포,2020-11-20 0:00,17.3,,,9,2.9,,180,,86,,16.9,14.9,1006.5,,1012.6,,,9,,,,6,6,Sc,8,1962,,,16.2,,,,,
